"""Genus""","""Species""",,AphiaID,Match type,ScientificName,AphiaID_accepted,ScientificName_accepted"""Acanthastrea""","""brevis""",,430639,exact,Acanthastrea brevis,430639,Acanthastrea brevis"""Acanthastrea""","""hemprichi""",,288878,exact,Acanthastrea hemprichi,288878,Acanthastrea hemprichi"""Acanthastrea""","""ishigakiensis""",,288879,exact,Acanthastrea ishigakiensis,888146,Lobophyllia ishigakiensis"""Acanthastrea""","""regularis""",,288883,exact,Acanthastrea regularis,888165,Micromussa regularis"""Acanthastrea""","""rotundoflora""",,766904,exact,Acanthastrea rotundoflora,766904,Acanthastrea rotundoflora"""Acanthastrea""","""subechinata""",,288885,exact,Acanthastrea subechinata,288885,Acanthastrea subechinata"""Acropora""","""abrolhosensis""",,288182,exact,Acropora abrolhosensis,288182,Acropora abrolhosensis"""Acropora""","""akajimensis""",,288183,exact,Acropora akajimensis,288198,Acropora donei"""Acropora""","""appressa""",,207066,exact,Acropora appressa,207066,Acropora appressa"""Acropora""","""awi""",,288185,exact,Acropora awi,288185,Acropora awi"""Acropora""","""azurea""",,288186,exact,Acropora azurea,207100,Acropora nana"""Acropora""","""batunai""",,288187,exact,Acropora batunai,288187,Acropora batunai"""Acropora""","""bifurcata""",,430640,exact,Acropora bifurcata,430640,Acropora bifurcata"""Acropora""","""branchi""",,207102,exact,Acropora branchi,207102,Acropora branchi"""Acropora""","""bushyensis""",,206999,exact,Acropora bushyensis,206999,Acropora bushyensis"""Acropora""","""cardenae""",,288188,exact,Acropora cardenae,288188,Acropora cardenae"""Acropora""","""caroliniana""",,288190,exact,Acropora caroliniana,288190,Acropora caroliniana"""Acropora""","""chesterfieldensis""",,288191,exact,Acropora chesterfieldensis,288191,Acropora chesterfieldensis"""Acropora""","""convexa""",,367986,exact,Acropora convexa,207023,Acropora millepora"""Acropora""","""cophodactyla""",,430641,exact,Acropora cophodactyla,430641,Acropora cophodactyla"""Acropora""","""copiosa""",,288192,exact,Acropora copiosa,207007,Acropora muricata"""Acropora""","""cylindrica""",,288194,exact,Acropora cylindrica,730689,Isopora togianensis"""Acropora""","""dendrum""",,288195,exact,Acropora dendrum,288195,Acropora dendrum"""Acropora""","""derawanensis""",,288196,exact,Acropora derawanensis,288196,Acropora derawanensis"""Acropora""","""desalwii""",,288197,exact,Acropora desalwii,288197,Acropora desalwii"""Acropora""","""donei""",,288198,exact,Acropora donei,288198,Acropora donei"""Acropora""","""downingi""",,288199,exact,Acropora downingi,288199,Acropora downingi"""Acropora""","""efflorescens""",,430642,exact,Acropora efflorescens,207095,Acropora cytherea"""Acropora""","""elegans""",,288200,exact,Acropora elegans,288200,Acropora elegans"""Acropora""","""elegantula""",,430643,exact,Acropora elegantula,430643,Acropora elegantula"""Acropora""","""exquisita""",,288202,exact,Acropora exquisita,288202,Acropora exquisita"""Acropora""","""fastigata""",,430644,exact,Acropora fastigata,430644,Acropora fastigata"""Acropora""","""fenneri""",,288203,exact,Acropora fenneri,288203,Acropora fenneri"""Acropora""","""filiformis""",,288204,exact,Acropora filiformis,288204,Acropora filiformis"""Acropora""","""forskali""",,207121,exact,Acropora forskali,207121,Acropora forskali"""Acropora""","""globiceps""",,430645,exact,Acropora globiceps,430645,Acropora globiceps"""Acropora""","""gomezi""",,288205,exact,Acropora gomezi,288205,Acropora gomezi"""Acropora""","""granulosa""",,207093,exact,Acropora granulosa,207093,Acropora granulosa"""Acropora""","""haimei""",,207110,exact,Acropora haimei,207110,"""Acropora""","""halmaherae""",,288206,exact,Acropora halmaherae,288206,Acropora halmaherae"""Acropora""","""hemprichii""",,288207,exact,Acropora hemprichii,288207,Acropora hemprichii"""Acropora""","""hoeksemai""",,288208,exact,Acropora hoeksemai,288208,Acropora hoeksemai"""Acropora""","""indonesia""",,288210,exact,Acropora indonesia,288210,Acropora indonesia"""Acropora""","""inermis""",,430646,exact,Acropora inermis,207046,Acropora microphthalma"""Acropora""","""irregularis""",,206993,exact,Acropora irregularis,207083,Acropora abrotanoides"""Acropora""","""jacquelineae""",,288212,exact,Acropora jacquelineae,288212,Acropora jacquelineae"""Acropora""","""japonica""",,288213,exact,Acropora japonica,288213,Acropora japonica"""Acropora""","""kimbeensis""",,288214,exact,Acropora kimbeensis,288214,Acropora kimbeensis"""Acropora""","""kirstyae""",,288215,exact,Acropora kirstyae,288215,Acropora kirstyae"""Acropora""","""kosurini""",,288216,exact,Acropora kosurini,288216,Acropora kosurini"""Acropora""","""lamarcki""",,288217,exact,Acropora lamarcki,288217,Acropora lamarcki"""Acropora""","""lianae""",,430648,exact,Acropora lianae,430648,Acropora lianae"""Acropora""","""lokani""",,288219,exact,Acropora lokani,288219,Acropora lokani"""Acropora""","""loveli""",,740834,exact,Acropora loveli,740834,Acropora loveli"""Acropora""","""macrostoma""",,207091,exact,Acropora macrostoma,207105,Acropora tenuis"""Acropora""","""maryae""",,288222,exact,Acropora maryae,288222,Acropora maryae"""Acropora""","""massawensis""",,207004,exact,Acropora massawensis,207050,Acropora polystoma"""Acropora""","""meridiana""",,430649,exact,Acropora meridiana,730688,Isopora brueggemanni"""Acropora""","""minuta""",,288223,exact,Acropora minuta,288223,Acropora minuta"""Acropora""","""mirabilis""",,288224,exact,Acropora mirabilis,288224,Acropora mirabilis"""Acropora""","""mossambica""",,206988,exact,Acropora mossambica,206988,Acropora mossambica"""Acropora""","""multiacuta""",,288225,exact,Acropora multiacuta,288225,Acropora multiacuta"""Acropora""","""nana""",,207100,exact,Acropora nana,207100,Acropora nana"""Acropora""","""natalensis""",,207051,exact,Acropora natalensis,207051,Acropora natalensis"""Acropora""","""navini""",,288226,exact,Acropora navini,288226,Acropora navini"""Acropora""","""ocellata""",,207115,exact,Acropora ocellata,207094,Acropora humilis"""Acropora""","""orbicularis""",,207027,exact,Acropora orbicularis,207075,Acropora clathrata"""Acropora""","""palmerae""",,207049,exact,Acropora palmerae,207049,Acropora palmerae"""Acropora""","""paniculata""",,207008,exact,Acropora paniculata,207008,Acropora paniculata"""Acropora""","""papillare""",,430650,exact,Acropora papillare,430650,Acropora papillare"""Acropora""","""parahemprichii""",,288228,exact,Acropora parahemprichii,288228,Acropora parahemprichii"""Acropora""","""parapharaonis""",,288229,exact,Acropora parapharaonis,288229,Acropora parapharaonis"""Acropora""","""parilis""",,288230,exact,Acropora parilis,207006,Acropora horrida"""Acropora""","""pectinatus""",,763782,exact,Acropora pectinatus,288231,Acropora pectinata"""Acropora""","""pichoni""",,288232,exact,Acropora pichoni,288232,Acropora pichoni"""Acropora""","""pinguis""",,207070,exact,Acropora pinguis,207000,Acropora robusta"""Acropora""","""plana""",,430652,exact,Acropora plana,207105,Acropora tenuis"""Acropora""","""plantaginea""",,207042,exact,Acropora plantaginea,207042,Acropora plantaginea"""Acropora""","""plumosa""",,288233,exact,Acropora plumosa,288233,Acropora plumosa"""Acropora""","""polystoma""",,207050,exact,Acropora polystoma,207050,Acropora polystoma"""Acropora""","""prolifera""",,288235,exact,Acropora prolifera,288235,Acropora prolifera"""Acropora""","""prostrata""",,207084,exact,Acropora prostrata,207023,Acropora millepora"""Acropora""","""proximalis""",,288236,exact,Acropora proximalis,288236,Acropora proximalis"""Acropora""","""pruinosa""",,288237,exact,Acropora pruinosa,288237,Acropora pruinosa"""Acropora""","""rambleri""",,207088,exact,Acropora rambleri,430655,Acropora speciosa"""Acropora""","""retusa""",,430653,exact,Acropora retusa,430653,Acropora retusa"""Acropora""","""rongelapensis""",,288239,exact,Acropora rongelapensis,288239,Acropora rongelapensis"""Acropora""","""rosaria""",,207029,exact,Acropora rosaria,207074,Acropora loripes"""Acropora""","""roseni""",,288240,exact,Acropora roseni,288240,Acropora roseni"""Acropora""","""rudis""",,288241,exact,Acropora rudis,288241,Acropora rudis"""Acropora""","""rufus""",,763784,exact,Acropora rufus,288242,Acropora rufa"""Acropora""","""russelli""",,288243,exact,Acropora russelli,288243,Acropora russelli"""Acropora""","""scherzeriana""",,207086,exact,Acropora scherzeriana,207097,Acropora gemmifera"""Acropora""","""schmitti""",,288245,exact,Acropora schmitti,207045,Acropora digitifera"""Acropora""","""sekiseiensis""",,288246,exact,Acropora sekiseiensis,207006,Acropora horrida"""Acropora""","""simplex""",,288247,exact,Acropora simplex,288247,Acropora simplex"""Acropora""","""speciosa""",,430655,exact,Acropora speciosa,430655,Acropora speciosa"""Acropora""","""spicifera""",,207087,exact,Acropora spicifera,207087,Acropora spicifera"""Acropora""","""squarrosa""",,207053,exact,Acropora squarrosa,207053,Acropora squarrosa"""Acropora""","""stoddarti""",,288249,exact,Acropora stoddarti,207106,Acropora divaricata"""Acropora""","""striata""",,207081,exact,Acropora striata,207081,Acropora striata"""Acropora""","""suharsonoi""",,288251,exact,Acropora suharsonoi,288251,Acropora suharsonoi"""Acropora""","""sukarnoi""",,288252,exact,Acropora sukarnoi,288252,Acropora sukarnoi"""Acropora""","""tanegashimensis""",,288253,exact,Acropora tanegashimensis,288253,Acropora tanegashimensis"""Acropora""","""tenella""",,288254,exact,Acropora tenella,288254,Acropora tenella"""Acropora""","""teres""",,288255,exact,Acropora teres,288255,Acropora teres"""Acropora""","""tizardi""",,207012,exact,Acropora tizardi,207016,Acropora cerealis"""Acropora""","""torihalimeda""",,288257,exact,Acropora torihalimeda,288257,Acropora torihalimeda"""Acropora""","""torresiana""",,288258,exact,Acropora torresiana,288258,Acropora torresiana"""Acropora""","""tortuosa""",,288259,exact,Acropora tortuosa,288259,Acropora tortuosa"""Acropora""","""tumida""",,288260,exact,Acropora tumida,207072,Acropora valida"""Acropora""","""turaki""",,288261,exact,Acropora turaki,288261,Acropora turaki"""Acropora""","""tutuilensis""",,430656,exact,Acropora tutuilensis,207083,Acropora abrotanoides"""Acropora""","""variabilis""",,207028,exact,Acropora variabilis,207072,Acropora valida"""Acropora""","""vaughani""",,288262,exact,Acropora vaughani,288262,Acropora vaughani"""Acropora""","""vermiculata""",,430658,exact,Acropora vermiculata,288244,Acropora sarmentosa"""Acropora""","""verweyi""",,288263,exact,Acropora verweyi,288263,Acropora verweyi"""Acropora""","""walindii""",,288264,exact,Acropora walindii,288264,Acropora walindii"""Alveopora""","""allingi""",,207192,exact,Alveopora allingi,207192,Alveopora allingi"""Alveopora""","""catalai""",,289254,exact,Alveopora catalai,289254,Alveopora catalai"""Alveopora""","""excelsa""",,289255,exact,Alveopora excelsa,289255,Alveopora excelsa"""Alveopora""","""fenestrata""",,207196,exact,Alveopora fenestrata,207196,Alveopora fenestrata"""Alveopora""","""gigas""",,289256,exact,Alveopora gigas,289256,Alveopora gigas"""Alveopora""","""japonica""",,289257,exact,Alveopora japonica,289257,Alveopora japonica"""Alveopora""","""marionensis""",,289258,exact,Alveopora marionensis,289258,Alveopora marionensis"""Alveopora""","""minuta""",,289259,exact,Alveopora minuta,289259,Alveopora minuta"""Alveopora""","""ocellata""",,207202,exact,Alveopora ocellata,207202,Alveopora ocellata"""Alveopora""","""spongiosa""",,207198,exact,Alveopora spongiosa,207198,Alveopora spongiosa"""Alveopora""","""tizardi""",,207195,exact,Alveopora tizardi,207195,Alveopora tizardi"""Alveopora""","""verrilliana""",,207201,exact,Alveopora verrilliana,207201,Alveopora verrilliana"""Alveopora""","""viridis""",,207203,exact,Alveopora viridis,207203,Alveopora viridis"""Anacropora""","""forbesi""",,212177,exact,Anacropora forbesi,212177,Anacropora forbesi"""Anacropora""","""matthai""",,289240,exact,Anacropora matthai,289240,Anacropora matthai"""Anacropora""","""pillai""",,289241,exact,Anacropora pillai,289241,Anacropora pillai"""Anacropora""","""puertogalerae""",,289242,exact,Anacropora puertogalerae,289242,Anacropora puertogalerae"""Anacropora""","""reticulata""",,289243,exact,Anacropora reticulata,289243,Anacropora reticulata"""Anacropora""","""spinosa""",,289244,exact,Anacropora spinosa,289244,Anacropora spinosa"""Anacropora""","""spumosa""",,289245,exact,Anacropora spumosa,289245,Anacropora spumosa"""Anomastraea""","""irregularis""",,207518,exact,Anomastraea irregularis,207518,Anomastraea irregularis"""Astrangia""","""poculata""",,157967,exact,Astrangia poculata,157967,Astrangia poculata"""Astrea""","""annuligera""",,762420,exact,Astrea annuligera,762420,Astrea annuligera"""Astrea""","""devantieri""",,762422,exact,Astrea devantieri,762422,Astrea devantieri"""Astreopora""","""cucullata""",,287943,exact,Astreopora cucullata,287943,Astreopora cucullata"""Astreopora""","""expansa""",,207129,exact,Astreopora expansa,207129,Astreopora expansa"""Astreopora""","""gracilis""",,207124,exact,Astreopora gracilis,207124,Astreopora gracilis"""Astreopora""","""incrustans""",,207131,exact,Astreopora incrustans,207131,Astreopora incrustans"""Astreopora""","""listeri""",,207125,exact,Astreopora listeri,207125,Astreopora listeri"""Astreopora""","""macrostoma""",,287946,exact,Astreopora macrostoma,287946,Astreopora macrostoma"""Astreopora""","""moretonensis""",,287947,exact,Astreopora moretonensis,287947,Astreopora moretonensis"""Astreopora""","""ocellata""",,207123,exact,Astreopora ocellata,207123,Astreopora ocellata"""Astreopora""","""randalli""",,207127,exact,Astreopora randalli,207127,Astreopora randalli"""Astreopora""","""scabra""",,430660,exact,Astreopora scabra,430660,Astreopora scabra"""Astreopora""","""suggesta""",,287948,exact,Astreopora suggesta,287948,Astreopora suggesta"""Balanophyllia""","""europaea""",,135180,exact_subgenus,Balanophyllia (Balanophyllia) europaea,135180,Balanophyllia (Balanophyllia) europaea"""Bernardpora""","""stutchburyi""",,764221,exact,Bernardpora stutchburyi,764221,Bernardpora stutchburyi"""Blastomussa""","""loyae""",,207387,exact,Blastomussa loyae,207387,Blastomussa loyae"""Blastomussa""","""omanensis""",,766076,exact,Blastomussa omanensis,766076,Blastomussa omanensis"""Blastomussa""","""wellsi""",,207386,exact,Blastomussa wellsi,207386,Blastomussa wellsi"""Boninastrea""","""boninensis""",,289527,exact,Boninastrea boninensis,289527,Boninastrea boninensis"""Cantharellus""","""doederleini""",,289568,exact,Cantharellus doederleini,289568,Cantharellus doederleini"""Cantharellus""","""jebbi""",,289569,exact,Cantharellus jebbi,289569,Cantharellus jebbi"""Cantharellus""","""noumeae""",,289570,exact,Cantharellus noumeae,289570,Cantharellus noumeae"""Caulastraea""","""connata""",,759335,exact,Caulastraea connata,759335,Caulastraea connata"""Caulastraea""","""curvata""",,718745,exact,Caulastraea curvata,718745,Caulastraea curvata"""Caulastraea""","""echinulata""",,289576,exact,Caulastraea echinulata,289576,Caulastraea echinulata"""Caulastraea""","""tumida""",,289578,exact,Caulastraea tumida,289578,Caulastraea tumida"""Cladocora""","""caespitosa""",,135146,exact,Cladocora caespitosa,135146,Cladocora caespitosa"""Coelastrea""","""palauensis""",,762428,exact,Coelastrea palauensis,762428,Coelastrea palauensis"""Coscinaraea""","""crassa""",,287937,exact,Coscinaraea crassa,287937,Coscinaraea crassa"""Coscinaraea""","""hahazimaensis""",,287940,exact,Coscinaraea hahazimaensis,287940,Coscinaraea hahazimaensis"""Coscinaraea""","""marshae""",,287941,exact,Coscinaraea marshae,287941,Coscinaraea marshae"""Coscinaraea""","""mcneilli""",,287942,exact,Coscinaraea mcneilli,287942,Coscinaraea mcneilli"""Ctenactis""","""albitentaculata""",,288874,exact,Ctenactis albitentaculata,288874,Ctenactis albitentaculata"""Ctenactis""","""crassa""",,288875,exact,Ctenactis crassa,288875,Ctenactis crassa"""Ctenella""","""chagius""",,211419,exact,Ctenella chagius,211419,Ctenella chagius"""Cycloseris""","""boschmai""",,746723,exact,Cycloseris boschmai,746723,Cycloseris boschmai"""Cycloseris""","""costulata""",,207325,exact,Cycloseris costulata,207325,Cycloseris costulata"""Cycloseris""","""cyclolites""",,207323,exact,Cycloseris cyclolites,207323,Cycloseris cyclolites"""Cycloseris""","""explanulata""",,716292,exact,Cycloseris explanulata,716292,Cycloseris explanulata"""Cycloseris""","""fragilis""",,716448,exact,Cycloseris fragilis,716448,Cycloseris fragilis"""Cycloseris""","""hexagonalis""",,716551,exact,Cycloseris hexagonalis,716551,Cycloseris hexagonalis"""Cycloseris""","""mokai""",,716299,exact,Cycloseris mokai,716299,Cycloseris mokai"""Cycloseris""","""sinensis""",,716552,exact,Cycloseris sinensis,716552,Cycloseris sinensis"""Cycloseris""","""somervillei""",,207328,exact,Cycloseris somervillei,207328,Cycloseris somervillei"""Cycloseris""","""tenuis""",,207324,exact,Cycloseris tenuis,207324,Cycloseris tenuis"""Cycloseris""","""vaughani""",,207327,exact,Cycloseris vaughani,207327,Cycloseris vaughani"""Cycloseris""","""wellsi""",,716291,exact,Cycloseris wellsi,716291,Cycloseris wellsi"""Cynarina""","""lacrymalis""",,287961,exact,Cynarina lacrymalis,287961,Cynarina lacrymalis"""Cyphastrea""","""agassizi""",,288919,exact,Cyphastrea agassizi,288919,Cyphastrea agassizi"""Cyphastrea""","""hexasepta""",,288921,exact,Cyphastrea hexasepta,288921,Cyphastrea hexasepta"""Cyphastrea""","""japonica""",,288922,exact,Cyphastrea japonica,288922,Cyphastrea japonica"""Danafungia""","""scruposa""",,716609,exact,Danafungia scruposa,716609,Danafungia scruposa"""Dichocoenia""","""stokesi""",,893244,exact,Dichocoenia stokesi f. stellaris,289807,Dichocoenia stokesii"""Dipsastraea""","""albida""",,758223,exact,Dipsastraea albida,758223,Dipsastraea albida"""Dipsastraea""","""amicorum""",,762753,exact,Dipsastraea amicorum,762753,Dipsastraea amicorum"""Dipsastraea""","""faviaformis""",,888171,exact,Dipsastraea faviaformis,888171,Dipsastraea faviaformis"""Dipsastraea""","""helianthoides""",,758239,exact,Dipsastraea helianthoides,758239,Dipsastraea helianthoides"""Dipsastraea""","""lacuna""",,758224,exact,Dipsastraea lacuna,758224,Dipsastraea lacuna"""Dipsastraea""","""laddi""",,762754,exact,Dipsastraea laddi,762754,Dipsastraea laddi"""Dipsastraea""","""marshae""",,758226,exact,Dipsastraea marshae,758226,Dipsastraea marshae"""Dipsastraea""","""rosaria""",,758229,exact,Dipsastraea rosaria,758229,Dipsastraea rosaria"""Dipsastraea""","""truncata""",,758228,exact,Dipsastraea truncata,758228,Dipsastraea truncata"""Dipsastraea""","""veroni""",,758232,exact,Dipsastraea veroni,758232,Dipsastraea veroni"""Dipsastraea""","""vietnamensis""",,758227,exact,Dipsastraea vietnamensis,758227,Dipsastraea vietnamensis"""Duncanopsammia""","""axifuga""",,289843,exact,Duncanopsammia axifuga,289843,Duncanopsammia axifuga"""Duncanopsammia""","""peltata""",,,,,,"""Echinomorpha""","""nishihirai""",,289877,exact,Echinomorpha nishihirai,289877,Echinomorpha nishihirai"""Echinophyllia""","""costata""",,287971,exact,Echinophyllia costata,287971,Echinophyllia costata"""Echinophyllia""","""echinata""",,287972,exact,Echinophyllia echinata,287972,Echinophyllia echinata"""Echinophyllia""","""echinoporoides""",,287973,exact,Echinophyllia echinoporoides,287973,Echinophyllia echinoporoides"""Echinophyllia""","""patula""",,287976,exact,Echinophyllia patula,287976,Echinophyllia patula"""Echinophyllia""","""pectinata""",,287977,exact,Echinophyllia pectinata,287977,Echinophyllia pectinata"""Echinopora""","""ashmorensis""",,288340,exact,Echinopora ashmorensis,288340,Echinopora ashmorensis"""Echinopora""","""fruticulosa""",,207422,exact,Echinopora fruticulosa,207422,Echinopora fruticulosa"""Echinopora""","""hirsutissima""",,207420,exact,Echinopora hirsutissima,207420,Echinopora hirsutissima"""Echinopora""","""irregularis""",,288343,exact,Echinopora irregularis,288343,Echinopora irregularis"""Echinopora""","""robusta""",,288346,exact,Echinopora robusta,288346,Echinopora robusta"""Echinopora""","""tiranensis""",,288348,exact,Echinopora tiranensis,288348,Echinopora tiranensis"""Erythrastrea""","""flabellata""",,207520,exact,Erythrastrea flabellata,207520,Erythrastrea flabellata"""Euphyllia""","""ancora""",,207614,exact,Euphyllia ancora,207614,Euphyllia ancora"""Euphyllia""","""cristata""",,289214,exact,Euphyllia cristata,289214,Euphyllia cristata"""Euphyllia""","""divisa""",,289215,exact,Euphyllia divisa,289215,Euphyllia divisa"""Euphyllia""","""paraancora""",,289217,exact,Euphyllia paraancora,289217,Euphyllia paraancora"""Euphyllia""","""paradivisa""",,207615,exact,Euphyllia paradivisa,207615,Euphyllia paradivisa"""Euphyllia""","""paraglabrescens""",,289218,exact,Euphyllia paraglabrescens,289218,Euphyllia paraglabrescens"""Euphyllia""","""yaeyamaensis""",,289219,exact,Euphyllia yaeyamaensis,289219,Euphyllia yaeyamaensis"""Favites""","""acuticollis""",,207452,exact,Favites acuticollis,207452,Favites acuticollis"""Favites""","""colemani""",,763489,exact,Favites colemani,763489,Favites colemani"""Favites""","""micropentagonus""",,288821,exact,Favites micropentagonus,288821,Favites micropentagonus"""Favites""","""paraflexuosus""",,288822,exact,Favites paraflexuosus,288822,Favites paraflexuosus"""Favites""","""spinosa""",,430662,exact,Favites spinosa,430662,Favites spinosa"""Favites""","""stylifera""",,288823,exact,Favites stylifera,288823,Favites stylifera"""Favites""","""vasta""",,430663,exact,Favites vasta,430663,Favites vasta"""Galaxea""","""cryptoramosa""",,288115,exact,Galaxea cryptoramosa,288115,Galaxea cryptoramosa"""Galaxea""","""longisepta""",,288116,exact,Galaxea longisepta,288116,Galaxea longisepta"""Galaxea""","""paucisepta""",,288117,exact,Galaxea paucisepta,288117,Galaxea paucisepta"""Goniastrea""","""columella""",,207463,exact,Goniastrea columella,207463,Goniastrea columella"""Goniastrea""","""minuta""",,288027,exact,Goniastrea minuta,288027,Goniastrea minuta"""Goniastrea""","""ramosa""",,288028,exact,Goniastrea ramosa,288028,Goniastrea ramosa"""Goniastrea""","""thecata""",,288029,exact,Goniastrea thecata,288029,Goniastrea thecata"""Goniopora""","""albiconus""",,288267,exact,Goniopora albiconus,288267,Goniopora albiconus"""Goniopora""","""burgosi""",,288268,exact,Goniopora burgosi,288268,Goniopora burgosi"""Goniopora""","""cellulosa""",,288269,exact,Goniopora cellulosa,288269,Goniopora cellulosa"""Goniopora""","""ciliatus""",,288270,exact,Goniopora ciliatus,288270,Goniopora ciliatus"""Goniopora""","""eclipsensis""",,288271,exact,Goniopora eclipsensis,288271,Goniopora eclipsensis"""Goniopora""","""fruticosa""",,288272,exact,Goniopora fruticosa,288272,Goniopora fruticosa"""Goniopora""","""minor""",,207217,exact,Goniopora minor,759975,Goniopora pedunculata"""Goniopora""","""norfolkensis""",,288273,exact,Goniopora norfolkensis,288273,Goniopora norfolkensis"""Goniopora""","""paliformis""",,764226,exact,Goniopora paliformis,764226,Goniopora paliformis"""Goniopora""","""palmensis""",,288274,exact,Goniopora palmensis,288274,Goniopora palmensis"""Goniopora""","""pandoraensis""",,288275,exact,Goniopora pandoraensis,288275,Goniopora pandoraensis"""Goniopora""","""pearsoni""",,288276,exact,Goniopora pearsoni,288276,Goniopora pearsoni"""Goniopora""","""pendulus""",,288277,exact,Goniopora pendulus,288277,Goniopora pendulus"""Goniopora""","""planulata""",,207220,exact,Goniopora planulata,207220,Goniopora planulata"""Goniopora""","""savignyi""",,207205,exact,Goniopora savignyi,207205,Goniopora savignyi"""Goniopora""","""somaliensis""",,207212,exact,Goniopora somaliensis,207212,Goniopora somaliensis"""Goniopora""","""sultani""",,288280,exact,Goniopora sultani,288280,Goniopora sultani"""Goniopora""","""tenella""",,207213,exact,Goniopora tenella,207213,Goniopora tenella"""Gyrosmilia""","""interrupta""",,207496,exact,Gyrosmilia interrupta,207496,Gyrosmilia interrupta"""Halomitra""","""clavator""",,287855,exact,Halomitra clavator,287855,Halomitra clavator"""Halomitra""","""pileus""",,207361,exact,Halomitra pileus,207361,Halomitra pileus"""Heterocyathus""","""aequicostatus""",,216146,exact,Heterocyathus aequicostatus,216146,Heterocyathus aequicostatus"""Heteropsammia""","""cochlea""",,207501,exact,Heteropsammia cochlea,207501,Heteropsammia cochlea"""Homophyllia""","""australis""",,550314,exact,Homophyllia australis,550314,Homophyllia australis"""Homophyllia""","""bowerbanki""",,886931,exact,Homophyllia bowerbanki,886931,Homophyllia bowerbanki"""Homophyllia""","""hillae""",,,,,,"""Horastrea""","""indica""",,207258,exact,Horastrea indica,207258,Horastrea indica"""Hydnophora""","""bonsai""",,287995,exact,Hydnophora bonsai,287995,Hydnophora bonsai"""Hydnophora""","""pilosa""",,287997,exact,Hydnophora pilosa,287997,Hydnophora pilosa"""Hydnophyllia""","""wilsoni""",,,,,,"""Indophyllia""","""macassarensis""",,290187,exact,Indophyllia macassarensis,739761,Cynarina macassarensis"""Isopora""","""crateriformis""",,730691,exact,Isopora crateriformis,730691,Isopora crateriformis"""Isopora""","""elizabethensis""",,741332,exact,Isopora elizabethensis,741332,Isopora elizabethensis"""Isopora""","""togianensis""",,730689,exact,Isopora togianensis,730689,Isopora togianensis"""Leptastrea""","""aequalis""",,287821,exact,Leptastrea aequalis,287821,Leptastrea aequalis"""Leptastrea""","""bewickensis""",,287822,exact,Leptastrea bewickensis,287822,Leptastrea bewickensis"""Leptastrea""","""bottae""",,207476,exact,Leptastrea bottae,207476,Leptastrea bottae"""Leptastrea""","""inaequalis""",,207471,exact,Leptastrea inaequalis,207471,Leptastrea inaequalis"""Leptoseris""","""amitoriensis""",,288717,exact,Leptoseris amitoriensis,288717,Leptoseris amitoriensis"""Leptoseris""","""cailleti""",,288718,exact,Leptoseris cailleti,288718,Leptoseris cailleti"""Leptoseris""","""explanata""",,207289,exact,Leptoseris explanata,207289,Leptoseris explanata"""Leptoseris""","""foliosa""",,207286,exact,Leptoseris foliosa,207286,Leptoseris foliosa"""Leptoseris""","""hawaiiensis""",,207291,exact,Leptoseris hawaiiensis,207291,Leptoseris hawaiiensis"""Leptoseris""","""incrustans""",,207279,exact,Leptoseris incrustans,207279,Leptoseris incrustans"""Leptoseris""","""mycetoseroides""",,207283,exact,Leptoseris mycetoseroides,207283,Leptoseris mycetoseroides"""Leptoseris""","""scabra""",,207282,exact,Leptoseris scabra,207282,Leptoseris scabra"""Leptoseris""","""solida""",,207290,exact,Leptoseris solida,207290,Leptoseris solida"""Leptoseris""","""striata""",,288719,exact,Leptoseris striata,288719,Leptoseris striata"""Leptoseris""","""tubulifera""",,207288,exact,Leptoseris tubulifera,207288,Leptoseris tubulifera"""Lithophyllon""","""repanda""",,716653,exact,Lithophyllon repanda,716653,Lithophyllon repanda"""Lithophyllon""","""scabra""",,716611,exact,Lithophyllon scabra,716611,Lithophyllon scabra"""Lithophyllon""","""spinifer""",,716610,exact,Lithophyllon spinifer,716610,Lithophyllon spinifer"""Lithophyllon""","""undulatum""",,290309,exact,Lithophyllon undulatum,290309,Lithophyllon undulatum"""Lobophyllia""","""dentata""",,288102,exact,Lobophyllia dentata,288102,Lobophyllia dentata"""Lobophyllia""","""diminuta""",,207389,exact,Lobophyllia diminuta,207389,Lobophyllia diminuta"""Lobophyllia""","""serrata""",,288105,exact,Lobophyllia serrata,288105,Lobophyllia serrata"""Madracis""","""asanoi""",,287104,exact,Madracis asanoi,287104,Madracis asanoi"""Madracis""","""asperula""",,135211,exact,Madracis asperula,135211,Madracis asperula"""Madracis""","""kirbyi""",,208943,exact,Madracis kirbyi,208943,Madracis kirbyi"""Madracis""","""mirabilis""",,,ambiguous,,,"""Meandrina""","""braziliensis""",,,,,,"""Merulina""","""scheeri""",,207408,exact,Merulina scheeri,207408,Merulina scheeri"""Merulina""","""triangularis""",,739884,exact,Merulina triangularis,739884,Merulina triangularis"""Micromussa""","""amakusensis""",,578144,exact,Micromussa amakusensis,578144,Micromussa amakusensis"""Micromussa""","""diminuta""",,290348,exact,Micromussa diminuta,886936,Goniopora diminuta"""Micromussa""","""lordhowensis""",,886929,exact,Micromussa lordhowensis,886929,Micromussa lordhowensis"""Micromussa""","""minuta""",,290349,exact,Micromussa minuta,288882,Acanthastrea minuta"""Micromussa""","""multipunctata""",,886930,exact,Micromussa multipunctata,886930,Micromussa multipunctata"""Montigyra""","""kenti""",,290363,exact,Montigyra kenti,290363,Montigyra kenti"""Montipora""","""altasepta""",,287690,exact,Montipora altasepta,287690,Montipora altasepta"""Montipora""","""angulata""",,287691,exact,Montipora angulata,287691,Montipora angulata"""Montipora""","""aspergillus""",,287692,exact,Montipora aspergillus,287692,Montipora aspergillus"""Montipora""","""australiensis""",,287693,exact,Montipora australiensis,287693,Montipora australiensis"""Montipora""","""cactus""",,287694,exact,Montipora cactus,287694,Montipora cactus"""Montipora""","""calcarea""",,287695,exact,Montipora calcarea,287695,Montipora calcarea"""Montipora""","""capricornis""",,287698,exact,Montipora capricornis,287698,Montipora capricornis"""Montipora""","""cebuensis""",,287699,exact,Montipora cebuensis,287699,Montipora cebuensis"""Montipora""","""circumvallata""",,207150,exact,Montipora circumvallata,207150,Montipora circumvallata"""Montipora""","""cocosensis""",,430667,exact,Montipora cocosensis,430667,Montipora cocosensis"""Montipora""","""confusa""",,287700,exact,Montipora confusa,287700,Montipora confusa"""Montipora""","""corbettensis""",,287701,exact,Montipora corbettensis,287701,Montipora corbettensis"""Montipora""","""cryptus""",,287703,exact,Montipora cryptus,287703,Montipora cryptus"""Montipora""","""delicatula""",,287704,exact,Montipora delicatula,287704,Montipora delicatula"""Montipora""","""efflorescens""",,207163,exact,Montipora efflorescens,207163,Montipora efflorescens"""Montipora""","""effusa""",,207169,exact,Montipora effusa,207169,Montipora effusa"""Montipora""","""florida""",,287706,exact,Montipora florida,287706,Montipora florida"""Montipora""","""floweri""",,287707,exact,Montipora floweri,287707,Montipora floweri"""Montipora""","""friabilis""",,207165,exact,Montipora friabilis,207165,Montipora friabilis"""Montipora""","""gaimardi""",,287708,exact,Montipora gaimardi,287708,Montipora gaimardi"""Montipora""","""hemispherica""",,287710,exact,Montipora hemispherica,287710,Montipora hemispherica"""Montipora""","""hirsuta""",,287711,exact,Montipora hirsuta,287711,Montipora hirsuta"""Montipora""","""hodgsoni""",,287712,exact,Montipora hodgsoni,287712,Montipora hodgsoni"""Montipora""","""incrassata""",,287714,exact,Montipora incrassata,287714,Montipora incrassata"""Montipora""","""kellyi""",,287715,exact,Montipora kellyi,287715,Montipora kellyi"""Montipora""","""lobulata""",,207141,exact,Montipora lobulata,207141,Montipora lobulata"""Montipora""","""mactanensis""",,287716,exact,Montipora mactanensis,287716,Montipora mactanensis"""Montipora""","""malampaya""",,287717,exact,Montipora malampaya,287717,Montipora malampaya"""Montipora""","""meandrina""",,207188,exact,Montipora meandrina,207188,Montipora meandrina"""Montipora""","""millepora""",,207190,exact,Montipora millepora,207190,Montipora millepora"""Montipora""","""niugini""",,287718,exact,Montipora niugini,287718,Montipora niugini"""Montipora""","""nodosa""",,287719,exact,Montipora nodosa,287719,Montipora nodosa"""Montipora""","""orientalis""",,287720,exact,Montipora orientalis,287720,Montipora orientalis"""Montipora""","""pachytuberculata""",,287721,exact,Montipora pachytuberculata,287721,Montipora pachytuberculata"""Montipora""","""palawanensis""",,287722,exact,Montipora palawanensis,287722,Montipora palawanensis"""Montipora""","""porites""",,287723,exact,Montipora porites,287723,Montipora porites"""Montipora""","""samarensis""",,287724,exact,Montipora samarensis,287724,Montipora samarensis"""Montipora""","""saudii""",,287725,exact,Montipora saudii,287725,Montipora saudii"""Montipora""","""setosa""",,287726,exact,Montipora setosa,287726,Montipora setosa"""Montipora""","""spongiosa""",,207168,exact,Montipora spongiosa,207168,Montipora spongiosa"""Montipora""","""spumosa""",,207138,exact,Montipora spumosa,207138,Montipora spumosa"""Montipora""","""stellata""",,207179,exact,Montipora stellata,207179,Montipora stellata"""Montipora""","""stilosa""",,287727,exact,Montipora stilosa,287727,Montipora stilosa"""Montipora""","""taiwanensis""",,287729,exact,Montipora taiwanensis,287729,Montipora taiwanensis"""Montipora""","""turtlensis""",,287731,exact,Montipora turtlensis,287731,Montipora turtlensis"""Montipora""","""verrilli""",,207136,exact,Montipora verrilli,207136,Montipora verrilli"""Montipora""","""verruculosa""",,287732,exact,Montipora verruculosa,287732,Montipora verruculosa"""Montipora""","""vietnamensis""",,287733,exact,Montipora vietnamensis,287733,Montipora vietnamensis"""Moseleya""","""latistellata""",,290380,exact,Moseleya latistellata,290380,Moseleya latistellata"""Mussismilia""","""braziliensis""",,290421,exact,Mussismilia braziliensis,290421,Mussismilia braziliensis"""Mussismilia""","""harttii""",,290422,exact,Mussismilia harttii,290422,Mussismilia harttii"""Mussismilia""","""hispida""",,290423,exact,Mussismilia hispida,290423,Mussismilia hispida"""Mussismilia""","""leptophylla""",,,,,,"""Mycedium""","""mancaoi""",,430669,exact,Mycedium mancaoi,430669,Mycedium mancaoi"""Mycedium""","""robokaki""",,287735,exact,Mycedium robokaki,287735,Mycedium robokaki"""Mycedium""","""steeni""",,287737,exact,Mycedium steeni,287737,Mycedium steeni"""Mycedium""","""umbra""",,287738,exact,Mycedium umbra,287738,Mycedium umbra"""Nemenzophyllia""","""turbida""",,207522,exact,Nemenzophyllia turbida,207522,Nemenzophyllia turbida"""Oculina""","""patagonica""",,135210,exact,Oculina patagonica,135210,Oculina patagonica"""Oculina""","""robusta""",,287099,exact,Oculina robusta,287099,Oculina robusta"""Oulastrea""","""crispata""",,290548,exact,Oulastrea crispata,290548,Oulastrea crispata"""Oulophyllia""","""bennettae""",,288394,exact,Oulophyllia bennettae,288394,Oulophyllia bennettae"""Oulophyllia""","""levis""",,430670,exact,Oulophyllia levis,430670,Oulophyllia levis"""Oxypora""","""convoluta""",,288350,exact,Oxypora convoluta,288350,Oxypora convoluta"""Oxypora""","""crassispinosa""",,288351,exact,Oxypora crassispinosa,288351,Oxypora crassispinosa"""Oxypora""","""egyptensis""",,288352,exact,Oxypora egyptensis,288352,Oxypora egyptensis"""Oxypora""","""glabra""",,207375,exact,Oxypora glabra,207375,Oxypora glabra"""Pachyseris""","""foliosa""",,288720,exact,Pachyseris foliosa,288720,Pachyseris foliosa"""Pachyseris""","""involuta""",,411243,exact,Pachyseris involuta,411243,Pachyseris involuta"""Paragoniastrea""","""australensis""",,817177,exact,Paragoniastrea australensis,817177,Paragoniastrea australensis"""Paragoniastrea""","""deformis""",,817178,exact,Paragoniastrea deformis,817178,Paragoniastrea deformis"""Paragoniastrea""","""russelli""",,817179,exact,Paragoniastrea russelli,817179,Paragoniastrea russelli"""Paramontastraea""","""peresi""",,762398,exact,Paramontastraea peresi,762398,Paramontastraea peresi"""Paramontastraea""","""salebrosa""",,762397,exact,Paramontastraea salebrosa,762397,Paramontastraea salebrosa"""Paramontastraea""","""serageldini""",,762399,exact,Paramontastraea serageldini,762399,Paramontastraea serageldini"""Parascolymia""","""rowleyensis""",,816950,exact,Parascolymia rowleyensis,888123,Lobophyllia rowleyensis"""Parascolymia""","""vitiensis""",,739111,exact,Parascolymia vitiensis,888126,Lobophyllia vitiensis"""Pavona""","""bipartita""",,289199,exact,Pavona bipartita,289199,Pavona bipartita"""Pavona""","""diffluens""",,207295,exact,Pavona diffluens,207295,Pavona diffluens"""Pectinia""","""africanus""",,763554,exact,Pectinia africanus,288402,Pectinia africana"""Pectinia""","""elongata""",,288405,exact,Pectinia elongata,288405,Pectinia elongata"""Pectinia""","""maxima""",,763539,exact,Pectinia maxima,763539,Pectinia maxima"""Pectinia""","""pygmaeus""",,763795,exact,Pectinia pygmaeus,288406,Pectinia pygmaea"""Pectinia""","""teres""",,288407,exact,Pectinia teres,288407,Pectinia teres"""Physophyllia""","""ayleni""",,288353,exact,Physophyllia ayleni,288353,Physophyllia ayleni"""Platygyra""","""carnosus""",,763555,exact,Platygyra carnosus,289204,Platygyra carnosa"""Platygyra""","""contorta""",,289205,exact,Platygyra contorta,289205,Platygyra contorta"""Platygyra""","""crosslandi""",,207488,exact,Platygyra crosslandi,207488,Platygyra crosslandi"""Plerogyra""","""discus""",,287845,exact,Plerogyra discus,287845,Plerogyra discus"""Plerogyra""","""simplex""",,287848,exact,Plerogyra simplex,287848,Plerogyra simplex"""Pleuractis""","""granulosa""",,716549,exact,Pleuractis granulosa,716549,Pleuractis granulosa"""Pleuractis""","""moluccensis""",,716545,exact,Pleuractis moluccensis,716545,Pleuractis moluccensis"""Pleuractis""","""seychellensis""",,716548,exact,Pleuractis seychellensis,716548,Pleuractis seychellensis"""Pleuractis""","""taiwanensis""",,716544,exact,Pleuractis taiwanensis,716544,Pleuractis taiwanensis"""Pocillopora""","""ankeli""",,430671,exact,Pocillopora ankeli,430671,Pocillopora ankeli"""Pocillopora""","""effusa""",,289247,exact,Pocillopora effusa,289247,Pocillopora effusa"""Pocillopora""","""fungiformis""",,289248,exact,Pocillopora fungiformis,289248,Pocillopora fungiformis"""Pocillopora""","""indiania""",,289249,exact,Pocillopora indiania,289249,Pocillopora indiania"""Pocillopora""","""kelleheri""",,289251,exact,Pocillopora kelleheri,289251,Pocillopora kelleheri"""Pocillopora""","""ligulata""",,206959,exact,Pocillopora ligulata,206959,Pocillopora ligulata"""Pocillopora""","""molokensis""",,411253,exact,Pocillopora molokensis,411253,Pocillopora molokensis"""Pocillopora""","""woodjonesi""",,289252,exact,Pocillopora woodjonesi,289252,Pocillopora woodjonesi"""Pocillopora""","""zelli""",,289253,exact,Pocillopora zelli,289253,Pocillopora zelli"""Podabacia""","""lankaensis""",,289170,exact,Podabacia lankaensis,289170,Podabacia lankaensis"""Podabacia""","""motuporensis""",,289171,exact,Podabacia motuporensis,289171,Podabacia motuporensis"""Podabacia""","""sinai""",,289172,exact,Podabacia sinai,289172,Podabacia sinai"""Polyphyllia""","""novaehiberniae""",,289231,exact,Polyphyllia novaehiberniae,289231,Polyphyllia novaehiberniae"""Polyphyllia""","""talpina""",,211418,exact,Polyphyllia talpina,211418,Polyphyllia talpina"""Porites""","""arnaudi""",,288888,exact,Porites arnaudi,288888,Porites arnaudi"""Porites""","""bernardi""",,869037,exact,Porites bernardi,869037,"""Porites""","""brighami""",,411263,exact,Porites brighami,411263,Porites brighami"""Porites""","""cocosensis""",,207242,exact,Porites cocosensis,207242,Porites cocosensis"""Porites""","""columnaris""",,207226,exact,Porites columnaris,207226,Porites columnaris"""Porites""","""deformis""",,288896,exact,Porites deformis,288896,Porites deformis"""Porites""","""densa""",,288897,exact,Porites densa,288897,Porites densa"""Porites""","""desilveri""",,288898,exact,Porites desilveri,288898,Porites desilveri"""Porites""","""echinulata""",,207245,exact,Porites echinulata,207245,Porites echinulata"""Porites""","""eridani""",,288899,exact,Porites eridani,207228,Porites lichen"""Porites""","""flavus""",,288901,exact,Porites flavus,288901,Porites flavus"""Porites""","""latistella""",,288906,exact,Porites latistella,869070,Porites latistellata"""Porites""","""murrayensis""",,207232,exact,Porites murrayensis,207232,Porites murrayensis"""Porites""","""myrmidonensis""",,288908,exact,Porites myrmidonensis,288908,Porites myrmidonensis"""Porites""","""napopora""",,288909,exact,Porites napopora,288909,Porites napopora"""Porites""","""negrosensis""",,288910,exact,Porites negrosensis,288910,Porites negrosensis"""Porites""","""nodifera""",,207224,exact,Porites nodifera,207224,Porites nodifera"""Porites""","""okinawensis""",,288911,exact,Porites okinawensis,288911,Porites okinawensis"""Porites""","""ornata""",,430674,exact,Porites ornata,430674,Porites ornata"""Porites""","""profundus""",,411271,exact,Porites profundus,411271,Porites profundus"""Porites""","""rugosa""",,763798,exact,Porites rugosa,288913,Porites rugosus"""Porites""","""sillimaniani""",,288914,exact,Porites sillimaniani,288914,Porites sillimaniani"""Porites""","""somaliensis""",,207244,exact,Porites somaliensis,207244,Porites somaliensis"""Porites""","""tuberculosa""",,763799,exact,Porites tuberculosa,760032,Porites tuberculosus"""Psammocora""","""haimiana""",,718603,exact,Psammocora haimiana,718603,Psammocora haimiana"""Psammocora""","""profundacella""",,207271,exact,Psammocora profundacella,207271,Psammocora profundacella"""Psammocora""","""verrilli""",,411275,exact,Psammocora verrilli,207261,Psammocora nierstraszi"""Pseudodiploria""","""clivosa""",,828326,exact,Pseudodiploria clivosa,828326,Pseudodiploria clivosa"""Pseudodiploria""","""strigosa""",,718718,exact,Pseudodiploria strigosa,718718,Pseudodiploria strigosa"""Pseudosiderastrea""","""tayamai""",,207272,exact,Pseudosiderastrea tayamai,207272,Pseudosiderastrea tayamai"""Sandalolitha""","""dentata""",,291009,exact,Sandalolitha dentata,291009,Sandalolitha dentata"""Schizoculina""","""africana""",,430678,exact,Schizoculina africana,430678,Schizoculina africana"""Schizoculina""","""fissipara""",,291025,exact,Schizoculina fissipara,291025,Schizoculina fissipara"""Sclerophyllia""","""maxima""",,834701,exact,Sclerophyllia maxima,834701,Sclerophyllia maxima"""Seriatopora""","""aculeata""",,430679,exact,Seriatopora aculeata,430679,Seriatopora aculeata"""Seriatopora""","""dentritica""",,288066,exact,Seriatopora dentritica,288066,Seriatopora dentritica"""Seriatopora""","""guttata""",,288067,exact,Seriatopora guttata,288067,Seriatopora guttata"""Seriatopora""","""stellata""",,206974,exact,Seriatopora stellata,206974,Seriatopora stellata"""Siderastrea""","""glynni""",,287840,exact,Siderastrea glynni,207516,Siderastrea siderea"""Simplastrea""","""vesicularis""",,291051,exact,Simplastrea vesicularis,291051,Simplastrea vesicularis"""Solenastrea""","""hyades""",,291055,exact,Solenastrea hyades,291055,Solenastrea hyades"""Stylaraea""","""punctata""",,212178,exact,Stylaraea punctata,212178,Stylaraea punctata"""Stylocoeniella""","""armata""",,206950,exact,Stylocoeniella armata,206950,Stylocoeniella armata"""Stylocoeniella""","""cocosensis""",,287774,exact,Stylocoeniella cocosensis,287774,Stylocoeniella cocosensis"""Stylocoeniella""","""guentheri""",,206948,exact,Stylocoeniella guentheri,206948,Stylocoeniella guentheri"""Stylophora""","""danae""",,206976,exact,Stylophora danae,206976,Stylophora danae"""Stylophora""","""kuehlmanni""",,206985,exact,Stylophora kuehlmanni,206985,Stylophora kuehlmanni"""Stylophora""","""madagascarensis""",,287777,exact,Stylophora madagascarensis,287777,Stylophora madagascarensis"""Stylophora""","""mamillata""",,206984,exact,Stylophora mamillata,206984,Stylophora mamillata"""Stylophora""","""wellsi""",,206977,exact,Stylophora wellsi,206977,Stylophora wellsi"""Symphyllia""","""erythraea""",,207397,exact,Symphyllia erythraea,888142,Lobophyllia erythraea"""Symphyllia""","""hassi""",,288083,exact,Symphyllia hassi,888143,Lobophyllia hassi"""Symphyllia""","""valenciennesii""",,207398,exact,Symphyllia valenciennesii,888145,Lobophyllia valenciennesii"""Trachyphyllia""","""geoffroyi""",,207495,exact,Trachyphyllia geoffroyi,207495,Trachyphyllia geoffroyi"""Turbinaria""","""conspicua""",,289210,exact,Turbinaria conspicua,289210,Turbinaria conspicua"""Turbinaria""","""frondens""",,207506,exact,Turbinaria frondens,207506,Turbinaria frondens"""Turbinaria""","""heronensis""",,289211,exact,Turbinaria heronensis,289211,Turbinaria heronensis"""Turbinaria""","""irregularis""",,207505,exact,Turbinaria irregularis,207505,Turbinaria irregularis"""Turbinaria""","""patula""",,289212,exact,Turbinaria patula,289212,Turbinaria patula"""Turbinaria""","""radicalis""",,289213,exact,Turbinaria radicalis,289213,Turbinaria radicalis"""Turbinaria""","""stellulata""",,207510,exact,Turbinaria stellulata,207510,Turbinaria stellulata"""Zoopilus""","""echinatus""",,291309,exact,Zoopilus echinatus,291309,Zoopilus echinatus