"""Genus""","""Species""",,AphiaID,Match type,ScientificName,AphiaID_accepted,ScientificName_accepted"""Acropora""","""lovelli""",,,,,,"""Acropora""","""pagoensis""",,411144,exact,Acropora pagoensis,207108,Acropora eurystoma"""Acropora""","""wallaceae""",,,ambiguous,,,"""Astreopora""","""acroporina""",,717590,exact,Astreopora acroporina,717590,Astreopora acroporina"""Astreopora""","""cenderawasih""",,717589,exact,Astreopora cenderawasih,717589,Astreopora cenderawasih"""Astreopora""","""eliptica""",,430659,exact,Astreopora eliptica,207128,Astreopora myriophthalma"""Astreopora""","""montiporina""",,,,,,"""Isopora""","""cylindrica""",,,ambiguous,,,"""Isopora""","""meridiana""",,,ambiguous,,,"""Montipora""","""vaughani""",,430668,exact,Montipora vaughani,430668,Montipora vaughani"""Montipora""","""verruculosus""",,763794,exact,Montipora verruculosus,287732,Montipora verruculosa"""Anthemiphyllia""","""patera""",,,ambiguous,,,"""Madracis""","""fragilis""",,156865,exact,Martesia fragilis,156865,Martesia fragilis"""Stylocoeniella""","""nikei""",,287775,exact,Stylocoeniella nikei,287775,Stylocoeniella nikei"""Caryophyllia""","""ambrosia""",,,ambiguous,,,"""Caryophyllia""","""aspera""",,,ambiguous,,,"""Caryophyllia""","""balanacea""",,286729,exact_subgenus,Caryophyllia balanacea,286729,Caryophyllia balanacea"""Caryophyllia""","""concreta""",,,ambiguous,,,"""Caryophyllia""","""corona""",,,ambiguous,,,"""Caryophyllia""","""crypta""",,,ambiguous,,,"""Caryophyllia""","""huinayensis""",,286747,exact_subgenus,Caryophyllia huinayensis,286747,Caryophyllia huinayensis"""Caryophyllia""","""laevigata""",,,ambiguous,,,"""Caryophyllia""","""oblonga""",,,ambiguous,,,"""Caryophyllia""","""protei""",,211377,exact,Mesanthura protei,211377,Mesanthura protei"""Caryophyllia""","""tangaroae""",,,ambiguous,,,"""Ceratotrochus""","""laxus""",,,ambiguous,,,"""Coenocyathus""","""brooksi""",,,ambiguous,,,"""Coenocyathus""","""caribbeana""",,286782,exact,Coenocyathus caribbeana,286782,Coenocyathus caribbeana"""Coenocyathus""","""humanni""",,286784,exact,Coenocyathus humanni,286784,Coenocyathus humanni"""Coenocyathus""","""parvulus""",,286785,exact,Coenocyathus parvulus,286785,Coenocyathus parvulus"""Colangia""","""jamaicaensis""",,289692,exact,Colangia jamaicaensis,289692,Colangia jamaicaensis"""Colangia""","""multipalifera""",,289694,exact,Colangia multipalifera,289694,Colangia multipalifera"""Crispatotrochus""","""gregarius""",,289739,exact,Crispatotrochus gregarius,289739,Crispatotrochus gregarius"""Crispatotrochus""","""septumdentatus""",,504003,exact,Crispatotrochus septumdentatus,504003,Crispatotrochus septumdentatus"""Deltocyathus""","""agassizii""",,,ambiguous,,,"""Desmophyllum""","""quinarium""",,493870,exact,Desmophyllum quinarium,493870,Desmophyllum quinarium"""Heterocyathus""","""antoniae""",,509183,exact,Heterocyathus antoniae,509183,Heterocyathus antoniae"""Monohedotrochus""","""capitolii""",,492269,exact,Monohedotrochus capitolii,492269,Monohedotrochus capitolii"""Monohedotrochus""","""circularis""",,492270,exact,Monohedotrochus circularis,492270,Monohedotrochus circularis"""Monohedotrochus""","""epithecatus""",,492272,exact,Monohedotrochus epithecatus,492272,Monohedotrochus epithecatus"""Paracyathus""","""darwinensis""",,286816,exact,Paracyathus darwinensis,286816,Paracyathus darwinensis"""Paracyathus""","""indicus""",,127234,exact,Platycephalus indicus,127234,Platycephalus indicus"""Paracyathus""","""monteryensis""",,,,,,"""Paracyathus""","""persicus""",,504186,exact,Paracyathus persicus,504186,Paracyathus persicus"""Phyllangia""","""americana""",,,ambiguous,,,"""Phyllangia""","""pequegnatae""",,287747,exact,Phyllangia pequegnatae,287747,Phyllangia pequegnatae"""Polycyathus""","""mayae""",,286842,exact,Polycyathus mayae,286842,Polycyathus mayae"""Stephanocyathus""","""imperialis""",,,ambiguous,,,"""Stephanocyathus""","""isabellae""",,,ambiguous,,,"""Tethocyathus""","""endesa""",,286862,exact,Tethocyathus endesa,286862,Tethocyathus endesa"""Tethocyathus""","""prahli""",,286864,exact,Tethocyathus prahli,286864,Tethocyathus prahli"""Trochocyathus""","""laboreli""",,,ambiguous,,,"""Trochocyathus""","""wellsi""",,,ambiguous,,,"""Balanophyllia""","""dilatata""",,,ambiguous,,,"""Balanophyllia""","""helenae""",,,ambiguous,,,"""Balanophyllia""","""japonica""",,,ambiguous,,,"""Balanophyllia""","""kalakauai""",,510365,exact_subgenus,Balanophyllia kalakauai,510365,Balanophyllia kalakauai"""Balanophyllia""","""malouinensis""",,,ambiguous,,,"""Balanophyllia""","""spongiosa""",,,ambiguous,,,"""Balanophyllia""","""striata""",,,ambiguous,,,"""Balanophyllia""","""vanderhorsti""",,,ambiguous,,,"""Dendrophyllia""","""fotojiku""",,,,,,"""Dendrophyllia""","""granosa""",,,ambiguous,,,"""Dendrophyllia""","""minima""",,,ambiguous,,,"""Dendrophyllia""","""paragracilis""",,286979,exact,Dendrophyllia paragracilis,286979,Dendrophyllia paragracilis"""Dendrophyllia""","""suprarbuscula""",,286981,exact,Dendrophyllia suprarbuscula,286981,Dendrophyllia suprarbuscula"""Eguchipsammia""","""strigosa""",,,ambiguous,,,"""Heteropsammia""","""cochleata""",,,ambiguous,,,"""Heteropsammia""","""moretonensis""",,,ambiguous,,,"""Leptopsammia""","""brittanica""",,,ambiguous,,,"""Notophyllia""","""hecki""",,290501,exact,Notophyllia hecki,290501,Notophyllia hecki"""Thecopsammia""","""elongata""",,,ambiguous,,,"""Tubastraea""","""micranthus""",,291255,exact,Tubastraea micranthus,291255,Tubastraea micranthus"""Barabattoia""","""amicorum""",,762753,exact,Dipsastraea amicorum,762753,Dipsastraea amicorum"""Barabattoia""","""laddi""",,762754,exact,Dipsastraea laddi,762754,Dipsastraea laddi"""Favia""","""albidus""",,,ambiguous,,,"""Favia""","""danae""",,,ambiguous,,,"""Favia""","""helianthoides""",,758239,exact,Dipsastraea helianthoides,758239,Dipsastraea helianthoides"""Favia""","""lacuna""",,758224,exact,Dipsastraea lacuna,758224,Dipsastraea lacuna"""Favia""","""laxa""",,758235,exact,Dipsastraea laxa,758235,Dipsastraea laxa"""Favia""","""leptophylla""",,288073,exact,Favia leptophylla,288073,Favia leptophylla"""Favia""","""lizardensis""",,758225,exact,Dipsastraea lizardensis,758225,Dipsastraea lizardensis"""Favia""","""maritima""",,758236,exact,Dipsastraea maritima,758236,Dipsastraea maritima"""Favia""","""marshae""",,758226,exact,Dipsastraea marshae,758226,Dipsastraea marshae"""Favia""","""matthaii""",,758240,exact,Dipsastraea matthaii,758240,Dipsastraea matthaii"""Favia""","""maxima""",,,ambiguous,,,"""Favia""","""rosaria""",,758229,exact,Dipsastraea rosaria,758229,Dipsastraea rosaria"""Favia""","""rotumana""",,758237,exact,Dipsastraea rotumana,758237,Dipsastraea rotumana"""Favia""","""rotundata""",,207445,exact,Favites rotundata,207445,Favites rotundata"""Favia""","""speciosa""",,758219,exact,Dipsastraea speciosa,758219,Dipsastraea speciosa"""Favia""","""truncatus""",,,ambiguous,,,"""Favia""","""vietnamensis""",,758227,exact,Dipsastraea vietnamensis,758227,Dipsastraea vietnamensis"""Favites""","""bestae""",,411194,exact,Favites bestae,758217,Favites melicerum"""Favites""","""micropentagona""",,763551,exact,Favites micropentagona,288821,Favites micropentagonus"""Favites""","""paraflexuosa""",,763552,exact,Favites paraflexuosa,288822,Favites paraflexuosus"""Goniastrea""","""deformis""",,817178,exact,Paragoniastrea deformis,817178,Paragoniastrea deformis"""Goniastrea""","""palauensis""",,762428,exact,Coelastrea palauensis,762428,Coelastrea palauensis"""Goniastrea""","""peresi""",,762398,exact,Paramontastraea peresi,762398,Paramontastraea peresi"""Montastraea""","""annularis""",,758260,exact,Orbicella annularis,758260,Orbicella annularis"""Montastraea""","""annuligera""",,762420,exact,Astrea annuligera,762420,Astrea annuligera"""Montastraea""","""colemani""",,763489,exact,Favites colemani,763489,Favites colemani"""Montastraea""","""curta""",,634390,exact,Astasia curta,634390,Astasia curta"""Montastraea""","""faveolata""",,758261,exact,Orbicella faveolata,758261,Orbicella faveolata"""Montastraea""","""franksi""",,758262,exact,Orbicella franksi,758262,Orbicella franksi"""Montastraea""","""magnistellata""",,763512,exact,Favites magnistellata,763512,Favites magnistellata"""Montastraea""","""multipunctata""",,886930,exact,Micromussa multipunctata,886930,Micromussa multipunctata"""Montastraea""","""salebrosa""",,762397,exact,Paramontastraea salebrosa,762397,Paramontastraea salebrosa"""Montastraea""","""serageldini""",,762399,exact,Paramontastraea serageldini,762399,Paramontastraea serageldini"""Montastraea""","""valenciennesi""",,763525,exact,Favites valenciennesi,763525,Favites valenciennesi"""Parasimplastrea""","""sheppardi""",,290681,exact,Parasimplastrea sheppardi,207387,Blastomussa loyae"""Plesiastrea""","""devantieri""",,762422,exact,Astrea devantieri,762422,Astrea devantieri"""Flabellum""","""apertum""",,,ambiguous,,,"""Flabellum""","""transversale""",,,ambiguous,,,"""Javania""","""erhardti""",,388635,exact,Javania erhardti,388635,Javania erhardti"""Placotrochides""","""cylindrica""",,287040,exact,Placotrochides cylindrica,287040,Placotrochides cylindrica"""Placotrochides""","""minuta""",,,ambiguous,,,"""Truncatoflabellum""","""cumingi""",,,ambiguous,,,"""Truncatoflabellum""","""viginifarium""",,,,,,"""Truncatoflabellum""","""zuluense""",,287072,exact,Truncatoflabellum zuluense,287072,Truncatoflabellum zuluense"""Fungiacyathus""","""pusillus""",,,ambiguous,,,"""Lithophyllon""","""puishani""",,288855,exact,Fungia puishani,207350,Fungia fungites"""Stolarskicyathus""","""pocilliformis""",,291138,exact,Stolarskicyathus pocilliformis,291138,Stolarskicyathus pocilliformis"""Meandrina""","""jacksoni""",,,ambiguous,,,"""Acanthastrea""","""bowerbanki""",,886931,exact,Homophyllia bowerbanki,886931,Homophyllia bowerbanki"""Acanthastrea""","""faviaformis""",,888171,exact,Dipsastraea faviaformis,888171,Dipsastraea faviaformis"""Acanthastrea""","""maxima""",,,ambiguous,,,"""Australomussa""","""rowleyensis""",,888123,exact,Lobophyllia rowleyensis,888123,Lobophyllia rowleyensis"""Isophyllastrea""","""rigida""",,,ambiguous,,,"""Lobophyllia""","""dentatus""",,,ambiguous,,,"""Lobophyllia""","""serratus""",,,ambiguous,,,"""Scolymia""","""australis""",,,ambiguous,,,"""Scolymia""","""vitiensis""",,888126,exact,Lobophyllia vitiensis,888126,Lobophyllia vitiensis"""Sclerhelia""","""hirtella""",,291032,exact,Sclerhelia hirtella,291032,Sclerhelia hirtella"""Pectinia""","""ayleni""",,288353,exact,Physophyllia ayleni,288353,Physophyllia ayleni"""Pocillopora""","""effusus""",,763797,exact,Pocillopora effusus,289247,Pocillopora effusa"""Pocillopora""","""setichelli""",,,,,,"""Seriatopora""","""dendritica""",,,ambiguous,,,"""Seriatopora""","""guttatus""",,,ambiguous,,,"""Goniopora""","""stutchburyi""",,764221,exact,Bernardpora stutchburyi,764221,Bernardpora stutchburyi"""Machadoporites""","""tantillus""",,290324,exact,Machadoporites tantillus,290324,Machadoporites tantillus"""Poritipora""","""paliformis""",,764226,exact,Goniopora paliformis,764226,Goniopora paliformis"""Astrangia""","""astrata""",,,,,,"""Culicia""","""rachelfitzhardingeae""",,288361,exact,Culicia rachelfitzhardingeae,288361,Culicia rachelfitzhardingeae"""Culicia""","""tenella""",,,ambiguous,,,"""Cylicia""","""inflata""",,289770,exact,Cylicia inflata,289770,Cylicia inflata"""Oulangia""","""stokesiana""",,346428,exact,Oulangia stokesiana,346428,Oulangia stokesiana"""Coscinaraea""","""wellsi""",,716291,exact,Cycloseris wellsi,716291,Cycloseris wellsi"""Psammocora""","""decussata""",,,ambiguous,,,"""Psammocora""","""explanulata""",,716292,exact,Cycloseris explanulata,716292,Cycloseris explanulata"""Psammocora""","""haimeana""",,207262,exact,Psammocora haimeana,718603,Psammocora haimiana"""Psammocora""","""nierstraszi""",,207261,exact,Psammocora nierstraszi,207261,Psammocora nierstraszi"""Psammocora""","""ramosa""",,,ambiguous,,,"""Psammocora""","""vaughani""",,207266,exact,Psammocora vaughani,411275,Psammocora verrilli"""Conocyathus""","""formosus""",,289701,exact,Conocyathus formosus,289701,Conocyathus formosus"""Dunocyathus""","""wallaceae""",,289845,exact,Dunocyathus wallaceae,289845,Dunocyathus wallaceae"""Foveolocyathus""","""kitsoni""",,509544,exact,Foveolocyathus kitsoni,509544,Foveolocyathus kitsoni"""Foveolocyathus""","""parkeri""",,289973,exact,Foveolocyathus parkeri,289973,Foveolocyathus parkeri"""Idiotrochus""","""alatus""",,290179,exact,Idiotrochus alatus,290179,Idiotrochus alatus"""Lissotrochus""","""curvatus""",,290306,exact,Lissotrochus curvatus,290306,Lissotrochus curvatus"""Sphenotrochus""","""cuneolus""",,,ambiguous,,,"""Sphenotrochus""","""lindstroemi""",,,ambiguous,,,"""Tropidocyathus""","""lessoni""",,,ambiguous,,,