"species","growthForm","growthFormClasses"
"Acanthastrea brevis","submassive","massive"
"Acanthastrea echinata","massive","massive"
"Acanthastrea hemprichi","massive","massive"
"Acanthastrea minuta","massive","massive"
"Acanthastrea pachysepta","massive","massive"
"Acanthastrea rotundoflora","encrusting","encrusting"
"Acanthastrea subechinata","massive","massive"
"Acropora abrolhosensis","branching_open","branching"
"Acropora abrotanoides","branching_open","branching"
"Acropora aculeus","corymbose","corymbose"
"Acropora acuminata","branching_open","branching"
"Acropora anthocercis","tables_or_plates","tables_or_plates"
"Acropora appressa","corymbose","corymbose"
"Acropora arabensis","digitate","digitate"
"Acropora arafura","branching_closed","branching"
"Acropora aspera","branching_open","branching"
"Acropora austera","branching_open","branching"
"Acropora awi","hispidose","branching"
"Acropora batunai","tables_or_plates","tables_or_plates"
"Acropora bifurcata","tables_or_plates","tables_or_plates"
"Acropora branchi","tables_or_plates","tables_or_plates"
"Acropora bushyensis","digitate","digitate"
"Acropora cardenae","branching_open","branching"
"Acropora carduus","hispidose","branching"
"Acropora caroliniana","tables_or_plates","tables_or_plates"
"Acropora cerealis","corymbose","corymbose"
"Acropora cervicornis","branching_open","branching"
"Acropora chesterfieldensis","branching_closed","branching"
"Acropora clathrata","tables_or_plates","tables_or_plates"
"Acropora cophodactyla","digitate","digitate"
"Acropora cytherea","tables_or_plates","tables_or_plates"
"Acropora dendrum","corymbose","corymbose"
"Acropora derawanensis","branching_open","branching"
"Acropora desalwii","corymbose","corymbose"
"Acropora digitifera","digitate","digitate"
"Acropora divaricata","tables_or_plates","tables_or_plates"
"Acropora donei","branching_open","branching"
"Acropora downingi","tables_or_plates","tables_or_plates"
"Acropora echinata","hispidose","branching"
"Acropora elegans","tables_or_plates","tables_or_plates"
"Acropora elegantula","branching_closed","branching"
"Acropora elseyi","hispidose","branching"
"Acropora eurystoma","corymbose","corymbose"
"Acropora exquisita","branching_closed","branching"
"Acropora fastigata","branching_closed","branching"
"Acropora fenneri","branching_open","branching"
"Acropora filiformis","branching_open","branching"
"Acropora florida","branching_open","branching"
"Acropora forskali","branching_open","branching"
"Acropora gemmifera","digitate","digitate"
"Acropora glauca","tables_or_plates","tables_or_plates"
"Acropora globiceps","digitate","digitate"
"Acropora gomezi","branching_open","branching"
"Acropora grandis","branching_open","branching"
"Acropora granulosa","tables_or_plates","tables_or_plates"
"Acropora haimei","branching_closed","branching"
"Acropora halmaherae","branching_open","branching"
"Acropora hemprichii","branching_open","branching"
"Acropora hoeksemai","branching_open","branching"
"Acropora horrida","branching_closed","branching"
"Acropora humilis","digitate","digitate"
"Acropora hyacinthus","tables_or_plates","tables_or_plates"
"Acropora indonesia","branching_open","branching"
"Acropora insignis","branching_closed","branching"
"Acropora intermedia","branching_open","branching"
"Acropora jacquelineae","tables_or_plates","tables_or_plates"
"Acropora japonica","tables_or_plates","tables_or_plates"
"Acropora khayranensis","tables_or_plates","tables_or_plates"
"Acropora kimbeensis","branching_closed","branching"
"Acropora kirstyae","branching_closed","branching"
"Acropora kosurini","branching_open","branching"
"Acropora lamarcki","tables_or_plates","tables_or_plates"
"Acropora latistella","corymbose","corymbose"
"Acropora lianae","branching_closed","branching"
"Acropora listeri","branching_closed","branching"
"Acropora loisetteae","branching_open","branching"
"Acropora lokani","branching_closed","branching"
"Acropora longicyathus","hispidose","branching"
"Acropora loripes","corymbose","corymbose"
"Acropora loveli","branching_open","branching"
"Acropora lutkeni","branching_open","branching"
"Acropora maryae","branching_closed","branching"
"Acropora microclados","corymbose","corymbose"
"Acropora microphthalma","branching_open","branching"
"Acropora millepora","corymbose","corymbose"
"Acropora minuta","encrusting","encrusting"
"Acropora mirabilis","corymbose","corymbose"
"Acropora monticulosa","digitate","digitate"
"Acropora mossambica","corymbose","corymbose"
"Acropora multiacuta","branching_closed","branching"
"Acropora muricata","branching_open","branching"
"Acropora nana","branching_closed","branching"
"Acropora nasuta","corymbose","corymbose"
"Acropora natalensis","tables_or_plates","tables_or_plates"
"Acropora navini","hispidose","branching"
"Acropora palmata","branching_open","branching"
"Acropora palmerae","encrusting","encrusting"
"Acropora paniculata","tables_or_plates","tables_or_plates"
"Acropora papillare","branching_open","branching"
"Acropora paragemmifera","digitate","digitate"
"Acropora parahemprichii","branching_closed","branching"
"Acropora parapharaonis","tables_or_plates","tables_or_plates"
"Acropora pectinata","branching_closed","branching"
"Acropora pharaonis","tables_or_plates","tables_or_plates"
"Acropora pichoni","tables_or_plates","tables_or_plates"
"Acropora plantaginea","corymbose","corymbose"
"Acropora plumosa","tables_or_plates","tables_or_plates"
"Acropora polystoma","corymbose","corymbose"
"Acropora prolifera","branching_closed","branching"
"Acropora proximalis","branching_closed","branching"
"Acropora pruinosa","branching_closed","branching"
"Acropora pulchra","branching_open","branching"
"Acropora retusa","digitate","digitate"
"Acropora ridzwani","tables_or_plates","tables_or_plates"
"Acropora robusta","branching_open","branching"
"Acropora rongelapensis","tables_or_plates","tables_or_plates"
"Acropora roseni","branching_open","branching"
"Acropora rudis","branching_open","branching"
"Acropora rufa","branching_closed","branching"
"Acropora russelli","branching_closed","branching"
"Acropora samoensis","digitate","digitate"
"Acropora sarmentosa","corymbose","corymbose"
"Acropora secale","branching_closed","branching"
"Acropora selago","corymbose","corymbose"
"Acropora seriata","tables_or_plates","tables_or_plates"
"Acropora simplex","tables_or_plates","tables_or_plates"
"Acropora sirikitiae","branching_open","branching"
"Acropora solitaryensis","tables_or_plates","tables_or_plates"
"Acropora sordiensis","branching_closed","branching"
"Acropora spathulata","corymbose","corymbose"
"Acropora speciosa","corymbose","corymbose"
"Acropora spicifera","tables_or_plates","tables_or_plates"
"Acropora squarrosa","branching_closed","branching"
"Acropora striata","branching_closed","branching"
"Acropora subglabra","hispidose","branching"
"Acropora subulata","tables_or_plates","tables_or_plates"
"Acropora suharsonoi","corymbose","corymbose"
"Acropora sukarnoi","tables_or_plates","tables_or_plates"
"Acropora tanegashimensis","tables_or_plates","tables_or_plates"
"Acropora tenella","tables_or_plates","tables_or_plates"
"Acropora tenuis","corymbose","corymbose"
"Acropora teres","branching_open","branching"
"Acropora torihalimeda","branching_closed","branching"
"Acropora torresiana","branching_closed","branching"
"Acropora tortuosa","branching_closed","branching"
"Acropora turaki","hispidose","branching"
"Acropora valenciennesi","branching_open","branching"
"Acropora valida","corymbose","corymbose"
"Acropora variolosa","branching_open","branching"
"Acropora vaughani","branching_closed","branching"
"Acropora verweyi","corymbose","corymbose"
"Acropora walindii","branching_open","branching"
"Acropora willisae","corymbose","corymbose"
"Acropora yongei","branching_closed","branching"
"Agaricia agaricites","laminar","laminar"
"Agaricia fragilis","encrusting","encrusting"
"Agaricia grahamae","laminar","laminar"
"Agaricia humilis","encrusting","encrusting"
"Agaricia lamarcki","laminar","laminar"
"Agaricia tenuifolia","laminar","laminar"
"Agaricia undata","laminar","laminar"
"Alveopora allingi","columnar","columnar"
"Alveopora catalai","branching_closed","branching"
"Alveopora daedalea","columnar","columnar"
"Alveopora excelsa","submassive","massive"
"Alveopora fenestrata","massive","massive"
"Alveopora gigas","columnar","columnar"
"Alveopora japonica","massive","massive"
"Alveopora marionensis","submassive","massive"
"Alveopora minuta","submassive","massive"
"Alveopora ocellata","encrusting","encrusting"
"Alveopora spongiosa","columnar","columnar"
"Alveopora tizardi","encrusting","encrusting"
"Alveopora verrilliana","submassive","massive"
"Alveopora viridis","columnar","columnar"
"Anacropora forbesi","branching_closed","branching"
"Anacropora matthai","branching_closed","branching"
"Anacropora pillai","branching_closed","branching"
"Anacropora puertogalerae","branching_closed","branching"
"Anacropora reticulata","branching_closed","branching"
"Anacropora spinosa","branching_closed","branching"
"Anacropora spumosa","branching_closed","branching"
"Anomastraea irregularis","submassive","massive"
"Astrangia poculata","submassive","massive"
"Astrea annuligera","encrusting","encrusting"
"Astrea curta","massive","massive"
"Astrea devantieri","massive","massive"
"Astreopora cucullata","massive","massive"
"Astreopora expansa","laminar","laminar"
"Astreopora explanata","laminar","laminar"
"Astreopora gracilis","massive","massive"
"Astreopora incrustans","encrusting","encrusting"
"Astreopora lambertsi","massive","massive"
"Astreopora listeri","massive","massive"
"Astreopora macrostoma","encrusting","encrusting"
"Astreopora moretonensis","laminar","laminar"
"Astreopora myriophthalma","massive","massive"
"Astreopora ocellata","massive","massive"
"Astreopora randalli","laminar","laminar"
"Astreopora scabra","massive","massive"
"Astreopora suggesta","massive","massive"
"Australogyra zelli","branching_closed","branching"
"Australophyllia wilsoni","massive","massive"
"Balanophyllia europaea","massive","massive"
"Bernardpora stutchburyi","encrusting","encrusting"
"Blastomussa loyae","massive","massive"
"Blastomussa merleti","encrusting","encrusting"
"Blastomussa omanensis","encrusting","encrusting"
"Blastomussa vivida","massive","massive"
"Blastomussa wellsi","massive","massive"
"Boninastrea boninensis","massive","massive"
"Cantharellus doederleini","massive","massive"
"Cantharellus jebbi","encrusting","encrusting"
"Cantharellus noumeae","encrusting","encrusting"
"Catalaphyllia jardinei","massive","massive"
"Caulastraea connata","massive","massive"
"Caulastraea curvata","branching_closed","branching"
"Caulastraea echinulata","massive","massive"
"Caulastraea furcata","massive","massive"
"Caulastraea tumida","massive","massive"
"Cladocora arbuscula","branching_closed","branching"
"Cladocora caespitosa","massive","massive"
"Coelastrea aspera","massive","massive"
"Coelastrea palauensis","massive","massive"
"Coeloseris mayeri","massive","massive"
"Colpophyllia natans","massive","massive"
"Coscinaraea columna","massive","massive"
"Coscinaraea crassa","encrusting","encrusting"
"Coscinaraea exesa","columnar","columnar"
"Coscinaraea hahazimaensis","massive","massive"
"Coscinaraea marshae","encrusting","encrusting"
"Coscinaraea mcneilli","encrusting","encrusting"
"Coscinaraea monile","massive","massive"
"Craterastrea levis","laminar","laminar"
"Ctenactis albitentaculata","massive","massive"
"Ctenactis crassa","massive","massive"
"Ctenactis echinata","massive","massive"
"Ctenella chagius","submassive","massive"
"Cycloseris boschmai","massive","massive"
"Cycloseris costulata","massive","massive"
"Cycloseris curvata","massive","massive"
"Cycloseris cyclolites","massive","massive"
"Cycloseris distorta","massive","massive"
"Cycloseris explanulata","laminar","laminar"
"Cycloseris fragilis","massive","massive"
"Cycloseris hexagonalis","massive","massive"
"Cycloseris mokai","massive","massive"
"Cycloseris sinensis","massive","massive"
"Cycloseris somervillei","massive","massive"
"Cycloseris tenuis","massive","massive"
"Cycloseris vaughani","massive","massive"
"Cycloseris wellsi","laminar","laminar"
"Cynarina lacrymalis","massive","massive"
"Cynarina macassarensis","massive","massive"
"Cyphastrea agassizi","massive","massive"
"Cyphastrea chalcidicum","massive","massive"
"Cyphastrea decadia","branching_closed","branching"
"Cyphastrea hexasepta","massive","massive"
"Cyphastrea japonica","submassive","massive"
"Cyphastrea microphthalma","massive","massive"
"Cyphastrea ocellina","massive","massive"
"Cyphastrea serailia","massive","massive"
"Danafungia horrida","massive","massive"
"Danafungia scruposa","massive","massive"
"Dendrogyra cylindrus","columnar","columnar"
"Dichocoenia stokesii","massive","massive"
"Diploastrea heliopora","massive","massive"
"Diploria labyrinthiformis","massive","massive"
"Dipsastraea albida","massive","massive"
"Dipsastraea amicorum","massive","massive"
"Dipsastraea camranensis","massive","massive"
"Dipsastraea danai","massive","massive"
"Dipsastraea faviaformis","massive","massive"
"Dipsastraea favus","massive","massive"
"Dipsastraea helianthoides","submassive","massive"
"Dipsastraea lacuna","massive","massive"
"Dipsastraea laddi","massive","massive"
"Dipsastraea laxa","massive","massive"
"Dipsastraea lizardensis","massive","massive"
"Dipsastraea maritima","massive","massive"
"Dipsastraea marshae","massive","massive"
"Dipsastraea matthaii","massive","massive"
"Dipsastraea maxima","massive","massive"
"Dipsastraea pallida","massive","massive"
"Dipsastraea rosaria","encrusting","encrusting"
"Dipsastraea rotumana","massive","massive"
"Dipsastraea speciosa","massive","massive"
"Dipsastraea truncata","massive","massive"
"Dipsastraea veroni","massive","massive"
"Dipsastraea vietnamensis","massive","massive"
"Dipsastraea wisseli","submassive","massive"
"Duncanopsammia axifuga","branching_closed","branching"
"Echinomorpha nishihirai","encrusting","encrusting"
"Echinophyllia aspera","laminar","laminar"
"Echinophyllia costata","laminar","laminar"
"Echinophyllia echinata","laminar","laminar"
"Echinophyllia echinoporoides","encrusting","encrusting"
"Echinophyllia orpheensis","submassive","massive"
"Echinophyllia patula","laminar","laminar"
"Echinophyllia pectinata","encrusting","encrusting"
"Echinophyllia tarae","laminar","laminar"
"Echinopora ashmorensis","encrusting_long_uprights","encrusting_long_uprights"
"Echinopora forskaliana","massive","massive"
"Echinopora fruticulosa","branching_closed","branching"
"Echinopora gemmacea","laminar","laminar"
"Echinopora grandicula","encrusting","encrusting"
"Echinopora hirsutissima","submassive","massive"
"Echinopora horrida","encrusting_long_uprights","encrusting_long_uprights"
"Echinopora irregularis","digitate","digitate"
"Echinopora lamellosa","laminar","laminar"
"Echinopora mammiformis","encrusting_long_uprights","encrusting_long_uprights"
"Echinopora pacificus","laminar","laminar"
"Echinopora robusta","massive","massive"
"Echinopora taylorae","laminar","laminar"
"Echinopora tiranensis","digitate","digitate"
"Enigmopora darveliensis","branching_open","branching"
"Erythrastrea flabellata","massive","massive"
"Euphyllia ancora","massive","massive"
"Euphyllia cristata","massive","massive"
"Euphyllia divisa","massive","massive"
"Euphyllia glabrescens","massive","massive"
"Euphyllia paraancora","massive","massive"
"Euphyllia paradivisa","massive","massive"
"Euphyllia paraglabrescens","massive","massive"
"Euphyllia yaeyamaensis","massive","massive"
"Eusmilia fastigiata","massive","massive"
"Favia fragum","massive","massive"
"Favia gravida","massive","massive"
"Favia leptophylla","massive","massive"
"Favites abdita","massive","massive"
"Favites acuticollis","massive","massive"
"Favites chinensis","massive","massive"
"Favites colemani","encrusting","encrusting"
"Favites complanata","massive","massive"
"Favites flexuosa","massive","massive"
"Favites halicora","massive","massive"
"Favites magnistellata","massive","massive"
"Favites melicerum","submassive","massive"
"Favites micropentagonus","submassive","massive"
"Favites paraflexuosus","massive","massive"
"Favites pentagona","submassive","massive"
"Favites rotundata","massive","massive"
"Favites spinosa","massive","massive"
"Favites stylifera","submassive","massive"
"Favites valenciennesi","submassive","massive"
"Favites vasta","massive","massive"
"Fungia fungites","massive","massive"
"Galaxea acrhelia","branching_closed","branching"
"Galaxea astreata","submassive","massive"
"Galaxea cryptoramosa","branching_closed","branching"
"Galaxea fascicularis","massive","massive"
"Galaxea horrescens","branching_closed","branching"
"Galaxea longisepta","encrusting","encrusting"
"Galaxea paucisepta","encrusting","encrusting"
"Gardineroseris planulata","massive","massive"
"Goniastrea columella","submassive","massive"
"Goniastrea edwardsi","massive","massive"
"Goniastrea favulus","massive","massive"
"Goniastrea minuta","submassive","massive"
"Goniastrea pectinata","submassive","massive"
"Goniastrea ramosa","encrusting_long_uprights","encrusting_long_uprights"
"Goniastrea retiformis","massive","massive"
"Goniastrea stelligera","massive","massive"
"Goniastrea thecata","massive","massive"
"Goniopora albiconus","encrusting","encrusting"
"Goniopora burgosi","submassive","massive"
"Goniopora cellulosa","massive","massive"
"Goniopora ciliatus","columnar","columnar"
"Goniopora columna","columnar","columnar"
"Goniopora diminuta","massive","massive"
"Goniopora djiboutiensis","columnar","columnar"
"Goniopora eclipsensis","columnar","columnar"
"Goniopora fruticosa","encrusting","encrusting"
"Goniopora lobata","columnar","columnar"
"Goniopora norfolkensis","encrusting","encrusting"
"Goniopora paliformis","massive","massive"
"Goniopora palmensis","submassive","massive"
"Goniopora pandoraensis","columnar","columnar"
"Goniopora pearsoni","massive","massive"
"Goniopora pedunculata","encrusting","encrusting"
"Goniopora pendulus","massive","massive"
"Goniopora planulata","columnar","columnar"
"Goniopora polyformis","digitate","digitate"
"Goniopora savignyi","columnar","columnar"
"Goniopora somaliensis","encrusting","encrusting"
"Goniopora stokesi","columnar","columnar"
"Goniopora sultani","columnar","columnar"
"Goniopora tantillus","encrusting","encrusting"
"Goniopora tenella","encrusting","encrusting"
"Goniopora tenuidens","massive","massive"
"Gyrosmilia interrupta","submassive","massive"
"Halomitra clavator","massive","massive"
"Halomitra pileus","massive","massive"
"Heliofungia actiniformis","massive","massive"
"Heliofungia fralinae","massive","massive"
"Helioseris cucullata","laminar","laminar"
"Herpolitha limax","massive","massive"
"Heterocyathus aequicostatus","massive","massive"
"Heteropsammia cochlea","massive","massive"
"Homophyllia australis","massive","massive"
"Homophyllia bowerbanki","massive","massive"
"Horastrea indica","massive","massive"
"Hydnophora bonsai","digitate","digitate"
"Hydnophora exesa","submassive","massive"
"Hydnophora grandis","encrusting_long_uprights","encrusting_long_uprights"
"Hydnophora microconos","massive","massive"
"Hydnophora pilosa","columnar","columnar"
"Hydnophora rigida","branching_closed","branching"
"Isophyllia rigida","massive","massive"
"Isophyllia sinuosa","massive","massive"
"Isopora brueggemanni","branching_open","branching"
"Isopora crateriformis","encrusting","encrusting"
"Isopora cuneata","encrusting","encrusting"
"Isopora elizabethensis","branching_open","branching"
"Isopora palifera","branching_open","branching"
"Isopora togianensis","branching_open","branching"
"Leptastrea aequalis","encrusting","encrusting"
"Leptastrea bewickensis","encrusting","encrusting"
"Leptastrea bottae","encrusting","encrusting"
"Leptastrea inaequalis","massive","massive"
"Leptastrea pruinosa","encrusting","encrusting"
"Leptastrea purpurea","encrusting","encrusting"
"Leptastrea transversa","encrusting","encrusting"
"Leptoria irregularis","encrusting","encrusting"
"Leptoria phrygia","massive","massive"
"Leptoseris amitoriensis","laminar","laminar"
"Leptoseris cailleti","laminar","laminar"
"Leptoseris explanata","laminar","laminar"
"Leptoseris foliosa","laminar","laminar"
"Leptoseris fragilis","laminar","laminar"
"Leptoseris gardineri","laminar","laminar"
"Leptoseris glabra","laminar","laminar"
"Leptoseris hawaiiensis","encrusting","encrusting"
"Leptoseris incrustans","encrusting","encrusting"
"Leptoseris mycetoseroides","laminar","laminar"
"Leptoseris papyracea","laminar","laminar"
"Leptoseris scabra","encrusting","encrusting"
"Leptoseris solida","encrusting","encrusting"
"Leptoseris striata","encrusting","encrusting"
"Leptoseris tubulifera","encrusting","encrusting"
"Leptoseris yabei","laminar","laminar"
"Lithophyllon concinna","massive","massive"
"Lithophyllon ranjithi","laminar","laminar"
"Lithophyllon repanda","massive","massive"
"Lithophyllon scabra","massive","massive"
"Lithophyllon spinifer","massive","massive"
"Lithophyllon undulatum","encrusting","encrusting"
"Lobactis scutaria","massive","massive"
"Lobophyllia agaricia","massive","massive"
"Lobophyllia corymbosa","massive","massive"
"Lobophyllia dentata","massive","massive"
"Lobophyllia diminuta","massive","massive"
"Lobophyllia erythraea","massive","massive"
"Lobophyllia flabelliformis","massive","massive"
"Lobophyllia hassi","massive","massive"
"Lobophyllia hataii","massive","massive"
"Lobophyllia hemprichii","massive","massive"
"Lobophyllia ishigakiensis","massive","massive"
"Lobophyllia radians","massive","massive"
"Lobophyllia robusta","massive","massive"
"Lobophyllia rowleyensis","massive","massive"
"Lobophyllia serrata","massive","massive"
"Lobophyllia valenciennesii","encrusting","encrusting"
"Lobophyllia vitiensis","massive","massive"
"Madracis asanoi","branching_closed","branching"
"Madracis asperula","branching_closed","branching"
"Madracis auretenra","branching_closed","branching"
"Madracis carmabi","branching_closed","branching"
"Madracis decactis","digitate","digitate"
"Madracis formosa","columnar","columnar"
"Madracis kirbyi","digitate","digitate"
"Madracis mirabilis","branching_closed","branching"
"Madracis pharensis","digitate","digitate"
"Madracis senaria","encrusting","encrusting"
"Manicina areolata","massive","massive"
"Meandrina brasiliensis","massive","massive"
"Meandrina danae","massive","massive"
"Meandrina meandrites","submassive","massive"
"Merulina ampliata","laminar","laminar"
"Merulina scabricula","laminar","laminar"
"Merulina scheeri","digitate","digitate"
"Merulina triangularis","branching_closed","branching"
"Micromussa amakusensis","encrusting","encrusting"
"Micromussa lordhowensis","massive","massive"
"Micromussa multipunctata","encrusting","encrusting"
"Micromussa regularis","massive","massive"
"Montastraea cavernosa","massive","massive"
"Montigyra kenti","massive","massive"
"Montipora aequituberculata","laminar","laminar"
"Montipora altasepta","branching_open","branching"
"Montipora angulata","branching_closed","branching"
"Montipora aspergillus","branching_closed","branching"
"Montipora australiensis","columnar","columnar"
"Montipora cactus","encrusting_long_uprights","encrusting_long_uprights"
"Montipora calcarea","digitate","digitate"
"Montipora caliculata","massive","massive"
"Montipora capitata","encrusting_long_uprights","encrusting_long_uprights"
"Montipora capricornis","laminar","laminar"
"Montipora cebuensis","laminar","laminar"
"Montipora circumvallata","digitate","digitate"
"Montipora cocosensis","submassive","massive"
"Montipora confusa","encrusting_long_uprights","encrusting_long_uprights"
"Montipora corbettensis","digitate","digitate"
"Montipora crassituberculata","laminar","laminar"
"Montipora cryptus","encrusting","encrusting"
"Montipora danae","laminar","laminar"
"Montipora delicatula","laminar","laminar"
"Montipora digitata","branching_open","branching"
"Montipora dilatata","digitate","digitate"
"Montipora echinata","branching_closed","branching"
"Montipora edwardsi","columnar","columnar"
"Montipora efflorescens","massive","massive"
"Montipora effusa","submassive","massive"
"Montipora flabellata","laminar","laminar"
"Montipora florida","laminar","laminar"
"Montipora floweri","submassive","massive"
"Montipora foliosa","laminar","laminar"
"Montipora foveolata","massive","massive"
"Montipora friabilis","laminar","laminar"
"Montipora gaimardi","encrusting_long_uprights","encrusting_long_uprights"
"Montipora granulosa","encrusting","encrusting"
"Montipora grisea","massive","massive"
"Montipora hemispherica","digitate","digitate"
"Montipora hirsuta","branching_open","branching"
"Montipora hispida","encrusting_long_uprights","encrusting_long_uprights"
"Montipora hodgsoni","laminar","laminar"
"Montipora hoffmeisteri","encrusting","encrusting"
"Montipora incrassata","encrusting","encrusting"
"Montipora informis","massive","massive"
"Montipora kellyi","branching_closed","branching"
"Montipora lobulata","submassive","massive"
"Montipora mactanensis","digitate","digitate"
"Montipora malampaya","digitate","digitate"
"Montipora meandrina","encrusting","encrusting"
"Montipora millepora","encrusting","encrusting"
"Montipora mollis","massive","massive"
"Montipora monasteriata","laminar","laminar"
"Montipora niugini","digitate","digitate"
"Montipora nodosa","massive","massive"
"Montipora orientalis","columnar","columnar"
"Montipora pachytuberculata","branching_closed","branching"
"Montipora palawanensis","laminar","laminar"
"Montipora patula","laminar","laminar"
"Montipora peltiformis","submassive","massive"
"Montipora porites","encrusting_long_uprights","encrusting_long_uprights"
"Montipora samarensis","branching_open","branching"
"Montipora saudii","encrusting_long_uprights","encrusting_long_uprights"
"Montipora setosa","digitate","digitate"
"Montipora spongiosa","branching_closed","branching"
"Montipora spongodes","encrusting","encrusting"
"Montipora spumosa","encrusting","encrusting"
"Montipora stellata","digitate","digitate"
"Montipora stilosa","submassive","massive"
"Montipora taiwanensis","submassive","massive"
"Montipora tortuosa","branching_closed","branching"
"Montipora tuberculosa","massive","massive"
"Montipora turgescens","massive","massive"
"Montipora turtlensis","digitate","digitate"
"Montipora undata","laminar","laminar"
"Montipora venosa","massive","massive"
"Montipora verrilli","encrusting","encrusting"
"Montipora verrucosa","laminar","laminar"
"Montipora verruculosa","encrusting","encrusting"
"Montipora vietnamensis","digitate","digitate"
"Moseleya latistellata","submassive","massive"
"Mussa angulosa","massive","massive"
"Mussismilia braziliensis","massive","massive"
"Mussismilia harttii","massive","massive"
"Mussismilia hispida","massive","massive"
"Mycedium elephantotus","laminar","laminar"
"Mycedium mancaoi","laminar","laminar"
"Mycedium robokaki","laminar","laminar"
"Mycedium spina","laminar","laminar"
"Mycedium steeni","laminar","laminar"
"Mycedium umbra","encrusting","encrusting"
"Mycetophyllia aliciae","massive","massive"
"Mycetophyllia danaana","encrusting","encrusting"
"Mycetophyllia ferox","laminar","laminar"
"Mycetophyllia lamarckiana","encrusting","encrusting"
"Mycetophyllia reesi","laminar","laminar"
"Nemenzophyllia turbida","massive","massive"
"Oculina diffusa","branching_closed","branching"
"Oculina patagonica","branching_closed","branching"
"Oculina robusta","branching_open","branching"
"Oculina valenciennesi","branching_closed","branching"
"Oculina varicosa","branching_closed","branching"
"Orbicella annularis","massive","massive"
"Orbicella faveolata","massive","massive"
"Orbicella franksi","massive","massive"
"Oulastrea crispata","encrusting","encrusting"
"Oulophyllia bennettae","massive","massive"
"Oulophyllia crispa","massive","massive"
"Oulophyllia levis","massive","massive"
"Oxypora convoluta","laminar","laminar"
"Oxypora crassispinosa","laminar","laminar"
"Oxypora egyptensis","submassive","massive"
"Oxypora glabra","laminar","laminar"
"Oxypora lacera","laminar","laminar"
"Pachyseris foliosa","laminar","laminar"
"Pachyseris gemmae","laminar","laminar"
"Pachyseris inattesa","laminar","laminar"
"Pachyseris involuta","laminar","laminar"
"Pachyseris rugosa","laminar","laminar"
"Pachyseris speciosa","laminar","laminar"
"Palauastrea ramosa","branching_closed","branching"
"Paragoniastrea australensis","submassive","massive"
"Paragoniastrea deformis","massive","massive"
"Paragoniastrea russelli","submassive","massive"
"Paramontastraea peresi","massive","massive"
"Paramontastraea salebrosa","massive","massive"
"Paramontastraea serageldini","massive","massive"
"Pavona bipartita","submassive","massive"
"Pavona cactus","digitate","digitate"
"Pavona chiriquiensis","encrusting","encrusting"
"Pavona clavus","columnar","columnar"
"Pavona danai","digitate","digitate"
"Pavona decussata","digitate","digitate"
"Pavona diffluens","submassive","massive"
"Pavona divaricata","digitate","digitate"
"Pavona duerdeni","massive","massive"
"Pavona explanulata","laminar","laminar"
"Pavona frondifera","digitate","digitate"
"Pavona gigantea","massive","massive"
"Pavona maldivensis","columnar","columnar"
"Pavona minuta","submassive","massive"
"Pavona varians","encrusting","encrusting"
"Pavona venosa","encrusting","encrusting"
"Pectinia africana","massive","massive"
"Pectinia alcicornis","digitate","digitate"
"Pectinia crassa","laminar","laminar"
"Pectinia elongata","branching_closed","branching"
"Pectinia lactuca","encrusting","encrusting"
"Pectinia maxima","laminar","laminar"
"Pectinia paeonia","laminar","laminar"
"Pectinia pygmaea","branching_closed","branching"
"Pectinia teres","branching_closed","branching"
"Physogyra lichtensteini","massive","massive"
"Physophyllia ayleni","laminar","laminar"
"Platygyra acuta","massive","massive"
"Platygyra carnosa","massive","massive"
"Platygyra contorta","massive","massive"
"Platygyra crosslandi","massive","massive"
"Platygyra daedalea","massive","massive"
"Platygyra lamellina","massive","massive"
"Platygyra pini","massive","massive"
"Platygyra ryukyuensis","massive","massive"
"Platygyra sinensis","massive","massive"
"Platygyra verweyi","massive","massive"
"Platygyra yaeyamaensis","massive","massive"
"Plerogyra cauliformis","massive","massive"
"Plerogyra diabolotus","massive","massive"
"Plerogyra discus","massive","massive"
"Plerogyra eurysepta","massive","massive"
"Plerogyra multilobata","massive","massive"
"Plerogyra simplex","branching_closed","branching"
"Plerogyra sinuosa","massive","massive"
"Plesiastrea versipora","massive","massive"
"Pleuractis granulosa","massive","massive"
"Pleuractis gravis","massive","massive"
"Pleuractis moluccensis","massive","massive"
"Pleuractis paumotensis","massive","massive"
"Pleuractis seychellensis","massive","massive"
"Pleuractis taiwanensis","massive","massive"
"Pocillopora acuta","branching_closed","branching"
"Pocillopora aliciae","branching_closed","branching"
"Pocillopora ankeli","branching_closed","branching"
"Pocillopora bairdi","branching_closed","branching"
"Pocillopora brevicornis","branching_closed","branching"
"Pocillopora capitata","branching_open","branching"
"Pocillopora damicornis","branching_closed","branching"
"Pocillopora effusa","branching_open","branching"
"Pocillopora elegans","branching_closed","branching"
"Pocillopora fungiformis","encrusting_long_uprights","encrusting_long_uprights"
"Pocillopora grandis","branching_open","branching"
"Pocillopora indiania","branching_closed","branching"
"Pocillopora inflata","branching_closed","branching"
"Pocillopora kelleheri","branching_open","branching"
"Pocillopora ligulata","branching_closed","branching"
"Pocillopora meandrina","branching_closed","branching"
"Pocillopora molokensis","branching_closed","branching"
"Pocillopora solida","branching_closed","branching"
"Pocillopora verrucosa","branching_closed","branching"
"Pocillopora woodjonesi","branching_open","branching"
"Pocillopora zelli","branching_open","branching"
"Podabacia crustacea","encrusting","encrusting"
"Podabacia kunzmanni","laminar","laminar"
"Podabacia lankaensis","encrusting","encrusting"
"Podabacia motuporensis","encrusting","encrusting"
"Podabacia sinai","laminar","laminar"
"Polycyathus chaishanensis","encrusting","encrusting"
"Polyphyllia novaehiberniae","massive","massive"
"Polyphyllia talpina","massive","massive"
"Porites annae","digitate","digitate"
"Porites aranetai","digitate","digitate"
"Porites arnaudi","laminar","laminar"
"Porites astreoides","massive","massive"
"Porites attenuata","branching_closed","branching"
"Porites australiensis","massive","massive"
"Porites baueri","encrusting","encrusting"
"Porites bernardi","digitate","digitate"
"Porites branneri","digitate","digitate"
"Porites brighami","submassive","massive"
"Porites cocosensis","digitate","digitate"
"Porites colonensis","laminar","laminar"
"Porites columnaris","columnar","columnar"
"Porites compressa","encrusting_long_uprights","encrusting_long_uprights"
"Porites cumulatus","branching_closed","branching"
"Porites cylindrica","encrusting_long_uprights","encrusting_long_uprights"
"Porites decasepta","encrusting","encrusting"
"Porites deformis","digitate","digitate"
"Porites densa","massive","massive"
"Porites desilveri","digitate","digitate"
"Porites divaricata","branching_closed","branching"
"Porites duerdeni","digitate","digitate"
"Porites echinulata","columnar","columnar"
"Porites ericacea","digitate","digitate"
"Porites evermanni","columnar","columnar"
"Porites excavata","digitate","digitate"
"Porites flavus","branching_closed","branching"
"Porites fontanesii","branching_closed","branching"
"Porites furcata","branching_closed","branching"
"Porites harrisoni","columnar","columnar"
"Porites hawaiiensis","submassive","massive"
"Porites heronensis","columnar","columnar"
"Porites horizontalata","digitate","digitate"
"Porites latistellata","digitate","digitate"
"Porites lichen","laminar","laminar"
"Porites lobata","massive","massive"
"Porites lutea","massive","massive"
"Porites mayeri","massive","massive"
"Porites monticulosa","encrusting","encrusting"
"Porites murrayensis","massive","massive"
"Porites myrmidonensis","massive","massive"
"Porites napopora","digitate","digitate"
"Porites negrosensis","branching_closed","branching"
"Porites nigrescens","branching_closed","branching"
"Porites nodifera","columnar","columnar"
"Porites okinawensis","massive","massive"
"Porites ornata","branching_closed","branching"
"Porites panamensis","submassive","massive"
"Porites porites","branching_closed","branching"
"Porites profundus","branching_closed","branching"
"Porites pukoensis","columnar","columnar"
"Porites randalli","submassive","massive"
"Porites rugosus","branching_closed","branching"
"Porites rus","digitate","digitate"
"Porites sillimaniani","digitate","digitate"
"Porites solida","massive","massive"
"Porites somaliensis","massive","massive"
"Porites stephensoni","massive","massive"
"Porites studeri","massive","massive"
"Porites sverdrupi","branching_closed","branching"
"Porites tuberculosus","branching_closed","branching"
"Porites vaughani","encrusting","encrusting"
"Psammocora albopicta","encrusting","encrusting"
"Psammocora contigua","columnar","columnar"
"Psammocora digitata","columnar","columnar"
"Psammocora haimiana","submassive","massive"
"Psammocora interstinctus","massive","massive"
"Psammocora nierstraszi","massive","massive"
"Psammocora profundacella","submassive","massive"
"Psammocora stellata","submassive","massive"
"Pseudodiploria clivosa","massive","massive"
"Pseudodiploria strigosa","massive","massive"
"Pseudosiderastrea formosa","encrusting","encrusting"
"Pseudosiderastrea tayamai","massive","massive"
"Sandalolitha dentata","massive","massive"
"Sandalolitha robusta","massive","massive"
"Scapophyllia cylindrica","columnar","columnar"
"Schizoculina africana","branching_open","branching"
"Schizoculina fissipara","encrusting_long_uprights","encrusting_long_uprights"
"Sclerophyllia margariticola","massive","massive"
"Sclerophyllia maxima","massive","massive"
"Scolymia cubensis","massive","massive"
"Scolymia lacera","massive","massive"
"Scolymia wellsii","massive","massive"
"Seriatopora aculeata","branching_closed","branching"
"Seriatopora caliendrum","branching_closed","branching"
"Seriatopora dentritica","branching_closed","branching"
"Seriatopora guttata","branching_closed","branching"
"Seriatopora hystrix","branching_closed","branching"
"Seriatopora stellata","branching_closed","branching"
"Siderastrea radians","massive","massive"
"Siderastrea savignyana","massive","massive"
"Siderastrea siderea","massive","massive"
"Siderastrea stellata","massive","massive"
"Simplastrea vesicularis","encrusting","encrusting"
"Solenastrea bournoni","massive","massive"
"Solenastrea hyades","submassive","massive"
"Stephanocoenia intersepta","massive","massive"
"Stylaraea punctata","encrusting","encrusting"
"Stylocoeniella armata","encrusting","encrusting"
"Stylocoeniella cocosensis","encrusting","encrusting"
"Stylocoeniella guentheri","digitate","digitate"
"Stylocoeniella muscosus","digitate","digitate"
"Stylophora danae","branching_closed","branching"
"Stylophora kuehlmanni","branching_closed","branching"
"Stylophora madagascarensis","branching_closed","branching"
"Stylophora mamillata","encrusting","encrusting"
"Stylophora pistillata","branching_closed","branching"
"Stylophora subseriata","branching_closed","branching"
"Stylophora wellsi","branching_closed","branching"
"Symphyllia recta","massive","massive"
"Trachyphyllia geoffroyi","massive","massive"
"Turbinaria bifrons","laminar","laminar"
"Turbinaria conspicua","laminar","laminar"
"Turbinaria crater","laminar","laminar"
"Turbinaria frondens","laminar","laminar"
"Turbinaria heronensis","laminar","laminar"
"Turbinaria irregularis","laminar","laminar"
"Turbinaria mesenterina","laminar","laminar"
"Turbinaria patula","laminar","laminar"
"Turbinaria peltata","laminar","laminar"
"Turbinaria radicalis","encrusting","encrusting"
"Turbinaria reniformis","laminar","laminar"
"Turbinaria stellulata","massive","massive"
"Zoopilus echinatus","massive","massive"
