"nameSp","nameSp_checked"
"Acanthastrea bowerbanki","Homophyllia bowerbanki"
"Acanthastrea brevis","Acanthastrea brevis"
"Acanthastrea echinata","Acanthastrea echinata"
"Acanthastrea faviaformis","Dipsastraea faviaformis"
"Acanthastrea hemprichi","Acanthastrea hemprichi"
"Acanthastrea hemprichii","Acanthastrea hemprichi"
"Acanthastrea hillae","Homophyllia bowerbanki"
"Acanthastrea ishigakiensis","Lobophyllia ishigakiensis"
"Acanthastrea lordhowensis","Micromussa lordhowensis"
"Acanthastrea maxima","Acanthastrea maxima"
"Acanthastrea regularis","Micromussa regularis"
"Acanthastrea rotundoflora","Acanthastrea rotundoflora"
"Acanthastrea subechinata","Acanthastrea subechinata"
"Acropora abrolhosensis","Acropora abrolhosensis"
"Acropora abrotanoides","Acropora abrotanoides"
"Acropora aculeus","Acropora aculeus"
"Acropora acuminata","Acropora acuminata"
"Acropora akajimensis","Acropora donei"
"Acropora anthocercis","Acropora anthocercis"
"Acropora appressa","Acropora appressa"
"Acropora arabensis","Acropora arabensis"
"Acropora arafura","Acropora arafura"
"Acropora aspera","Acropora aspera"
"Acropora austera","Acropora austera"
"Acropora awi","Acropora awi"
"Acropora azurea","Acropora nana"
"Acropora batunai","Acropora batunai"
"Acropora bifurcata","Acropora bifurcata"
"Acropora branchi","Acropora branchi"
"Acropora bushyensis","Acropora bushyensis"
"Acropora cardenae","Acropora cardenae"
"Acropora carduus","Acropora carduus"
"Acropora caroliniana","Acropora caroliniana"
"Acropora cerealis","Acropora cerealis"
"Acropora cervicornis","Acropora cervicornis"
"Acropora chesterfieldensis","Acropora chesterfieldensis"
"Acropora clathrata","Acropora clathrata"
"Acropora convexa","Acropora millepora"
"Acropora cophodactyla","Acropora cophodactyla"
"Acropora copiosa","Acropora muricata"
"Acropora cylindrica","Isopora togianensis"
"Acropora cytherea","Acropora cytherea"
"Acropora dendrum","Acropora dendrum"
"Acropora derawanensis","Acropora derawanensis"
"Acropora desalwii","Acropora desalwii"
"Acropora digitifera","Acropora digitifera"
"Acropora divaricata","Acropora divaricata"
"Acropora donei","Acropora donei"
"Acropora downingi","Acropora downingi"
"Acropora echinata","Acropora echinata"
"Acropora efflorescens","Acropora cytherea"
"Acropora elegans","Acropora elegans"
"Acropora elegantula","Acropora elegantula"
"Acropora elseyi","Acropora elseyi"
"Acropora eurystoma","Acropora eurystoma"
"Acropora exquisita","Acropora exquisita"
"Acropora fastigata","Acropora fastigata"
"Acropora fenneri","Acropora fenneri"
"Acropora filiformis","Acropora filiformis"
"Acropora florida","Acropora florida"
"Acropora formosa","Acropora muricata"
"Acropora forskali","Acropora forskali"
"Acropora gemmifera","Acropora gemmifera"
"Acropora glauca","Acropora glauca"
"Acropora globiceps","Acropora globiceps"
"Acropora gomezi","Acropora gomezi"
"Acropora grandis","Acropora grandis"
"Acropora granulosa","Acropora granulosa"
"Acropora haimei","Acropora haimei"
"Acropora halmaherae","Acropora halmaherae"
"Acropora hemprichii","Acropora hemprichii"
"Acropora hoeksemai","Acropora hoeksemai"
"Acropora horrida","Acropora horrida"
"Acropora humilis","Acropora humilis"
"Acropora hyacinthus","Acropora hyacinthus"
"Acropora indonesia","Acropora indonesia"
"Acropora inermis","Acropora microphthalma"
"Acropora insignis","Acropora insignis"
"Acropora intermedia","Acropora intermedia"
"Acropora irregularis","Acropora abrotanoides"
"Acropora jacquelineae","Acropora jacquelineae"
"Acropora japonica","Acropora japonica"
"Acropora khayranensis","Acropora khayranensis"
"Acropora kimbeensis","Acropora kimbeensis"
"Acropora kirstyae","Acropora kirstyae"
"Acropora kosurini","Acropora kosurini"
"Acropora lamarcki","Acropora lamarcki"
"Acropora latistella","Acropora latistella"
"Acropora lianae","Acropora lianae"
"Acropora listeri","Acropora listeri"
"Acropora loisetteae","Acropora loisetteae"
"Acropora lokani","Acropora lokani"
"Acropora longicyathus","Acropora longicyathus"
"Acropora loripes","Acropora loripes"
"Acropora loveli","Acropora loveli"
"Acropora lovelli","Acropora loveli"
"Acropora lutkeni","Acropora lutkeni"
"Acropora macrostoma","Acropora tenuis"
"Acropora magnifica","Acropora elegans"
"Acropora maryae","Acropora maryae"
"Acropora massawensis","Acropora polystoma"
"Acropora meridiana","Isopora brueggemanni"
"Acropora microclados","Acropora microclados"
"Acropora microphthalma","Acropora microphthalma"
"Acropora millepora","Acropora millepora"
"Acropora minuta","Acropora minuta"
"Acropora mirabilis","Acropora mirabilis"
"Acropora monticulosa","Acropora monticulosa"
"Acropora mossambica","Acropora mossambica"
"Acropora multiacuta","Acropora multiacuta"
"Acropora muricata","Acropora muricata"
"Acropora nana","Acropora nana"
"Acropora nasuta","Acropora nasuta"
"Acropora natalensis","Acropora natalensis"
"Acropora navini","Acropora navini"
"Acropora ocellata","Acropora humilis"
"Acropora orbicularis","Acropora clathrata"
"Acropora pagoensis","Acropora eurystoma"
"Acropora palifera","Isopora palifera"
"Acropora palmata","Acropora palmata"
"Acropora palmerae","Acropora palmerae"
"Acropora paniculata","Acropora paniculata"
"Acropora papillare","Acropora papillare"
"Acropora paragemmifera","Acropora paragemmifera"
"Acropora parahemprichii","Acropora parahemprichii"
"Acropora parapharaonis","Acropora parapharaonis"
"Acropora parilis","Acropora horrida"
"Acropora pectinatus","Acropora pectinata"
"Acropora pharaonis","Acropora pharaonis"
"Acropora pichoni","Acropora pichoni"
"Acropora pinguis","Acropora robusta"
"Acropora plana","Acropora tenuis"
"Acropora plantaginea","Acropora plantaginea"
"Acropora plumosa","Acropora plumosa"
"Acropora polystoma","Acropora polystoma"
"Acropora prolifera","Acropora prolifera"
"Acropora prostrata","Acropora millepora"
"Acropora proximalis","Acropora proximalis"
"Acropora pruinosa","Acropora pruinosa"
"Acropora pulchra","Acropora pulchra"
"Acropora rambleri","Acropora speciosa"
"Acropora retusa","Acropora retusa"
"Acropora ridzwani","Acropora ridzwani"
"Acropora robusta","Acropora robusta"
"Acropora rongelapensis","Acropora rongelapensis"
"Acropora rosaria","Acropora loripes"
"Acropora roseni","Acropora roseni"
"Acropora rudis","Acropora rudis"
"Acropora rufus","Acropora rufa"
"Acropora russelli","Acropora russelli"
"Acropora samoensis","Acropora samoensis"
"Acropora sarmentosa","Acropora sarmentosa"
"Acropora scherzeriana","Acropora gemmifera"
"Acropora schmitti","Acropora digitifera"
"Acropora secale","Acropora secale"
"Acropora sekiseiensis","Acropora horrida"
"Acropora selago","Acropora selago"
"Acropora seriata","Acropora seriata"
"Acropora simplex","Acropora simplex"
"Acropora sirikitiae","Acropora sirikitiae"
"Acropora solitaryensis","Acropora solitaryensis"
"Acropora sordiensis","Acropora sordiensis"
"Acropora spathulata","Acropora spathulata"
"Acropora speciosa","Acropora speciosa"
"Acropora spicifera","Acropora spicifera"
"Acropora squarrosa","Acropora squarrosa"
"Acropora stoddarti","Acropora divaricata"
"Acropora striata","Acropora striata"
"Acropora subglabra","Acropora subglabra"
"Acropora subulata","Acropora subulata"
"Acropora suharsonoi","Acropora suharsonoi"
"Acropora sukarnoi","Acropora sukarnoi"
"Acropora surculosa","Acropora hyacinthus"
"Acropora tanegashimensis","Acropora tanegashimensis"
"Acropora tenella","Acropora tenella"
"Acropora tenuis","Acropora tenuis"
"Acropora teres","Acropora teres"
"Acropora tizardi","Acropora cerealis"
"Acropora torihalimeda","Acropora torihalimeda"
"Acropora torresiana","Acropora torresiana"
"Acropora tortuosa","Acropora tortuosa"
"Acropora tumida","Acropora valida"
"Acropora turaki","Acropora turaki"
"Acropora tutuilensis","Acropora abrotanoides"
"Acropora valenciennesi","Acropora valenciennesi"
"Acropora valida","Acropora valida"
"Acropora variabilis","Acropora valida"
"Acropora variolosa","Acropora variolosa"
"Acropora vaughani","Acropora vaughani"
"Acropora vermiculata","Acropora sarmentosa"
"Acropora verweyi","Acropora verweyi"
"Acropora walindii","Acropora walindii"
"Acropora wallaceae","Acropora samoensis"
"Acropora willisae","Acropora willisae"
"Acropora yongei","Acropora yongei"
"Agaricia agaricites","Agaricia agaricites"
"Agaricia fragilis","Agaricia fragilis"
"Agaricia grahamae","Agaricia grahamae"
"Agaricia humilis","Agaricia humilis"
"Agaricia lamarcki","Agaricia lamarcki"
"Agaricia sp","Agaricia sp"
"Agaricia tenuifolia","Agaricia tenuifolia"
"Agaricia undata","Agaricia undata"
"Alatotrochus rubescens","Alatotrochus rubescens"
"Alveopora allingi","Alveopora allingi"
"Alveopora catalai","Alveopora catalai"
"Alveopora daedalea","Alveopora daedalea"
"Alveopora excelsa","Alveopora excelsa"
"Alveopora fenestrata","Alveopora fenestrata"
"Alveopora gigas","Alveopora gigas"
"Alveopora japonica","Alveopora japonica"
"Alveopora marionensis","Alveopora marionensis"
"Alveopora minuta","Alveopora minuta"
"Alveopora ocellata","Alveopora ocellata"
"Alveopora spongiosa","Alveopora spongiosa"
"Alveopora tizardi","Alveopora tizardi"
"Alveopora verrilliana","Alveopora verrilliana"
"Alveopora viridis","Alveopora viridis"
"Anacropora forbesi","Anacropora forbesi"
"Anacropora matthai","Anacropora matthai"
"Anacropora pillai","Anacropora pillai"
"Anacropora puertogalerae","Anacropora puertogalerae"
"Anacropora reticulata","Anacropora reticulata"
"Anacropora spinosa","Anacropora spinosa"
"Anacropora spumosa","Anacropora spumosa"
"Anomastraea irregularis","Anomastraea irregularis"
"Anomocora carinata","Anomocora carinata"
"Anomocora fecunda","Anomocora fecunda"
"Anomocora gigas","Anomocora gigas"
"Anomocora marchadi","Anomocora marchadi"
"Anomocora prolifera","Anomocora prolifera"
"Anthemiphyllia dentata","Anthemiphyllia dentata"
"Anthemiphyllia frustum","Anthemiphyllia frustum"
"Anthemiphyllia macrolobata","Anthemiphyllia macrolobata"
"Anthemiphyllia multidentata","Anthemiphyllia multidentata"
"Anthemiphyllia pacifica","Anthemiphyllia pacifica"
"Anthemiphyllia patera","Anthemiphyllia patera"
"Anthemiphyllia pateracostata","Anthemiphyllia patera costata"
"Anthemiphyllia paterapatera","Anthemiphyllia patera patera"
"Anthemiphyllia spinifera","Anthemiphyllia spinifera"
"Astrangia astrata","Astrangia atrata"
"Astrangia atrata","Astrangia atrata"
"Astrangia browni","Astrangia browni"
"Astrangia californica","Astrangia californica"
"Astrangia conferta","Astrangia conferta"
"Astrangia costata","Astrangia costata"
"Astrangia dentata","Astrangia dentata"
"Astrangia equatorialis","Astrangia equatorialis"
"Astrangia haimei","Astrangia haimei"
"Astrangia howardi","Astrangia howardi"
"Astrangia lajollaensis","Astrangia haimei"
"Astrangia macrodentata","Astrangia macrodentata"
"Astrangia mercatoris","Astrangia mercatoris"
"Astrangia poculata","Astrangia poculata"
"Astrangia rathbuni","Astrangia rathbuni"
"Astrangia solitaria","Astrangia solitaria"
"Astrangia woodsi","Astrangia woodsi"
"Astrea annuligera","Astrea annuligera"
"Astrea curta","Astrea curta"
"Astrea devantieri","Astrea devantieri"
"Astreopora acroporina","Astreopora acroporina"
"Astreopora cenderawasih","Astreopora cenderawasih"
"Astreopora cucullata","Astreopora cucullata"
"Astreopora eliptica","Astreopora myriophthalma"
"Astreopora expansa","Astreopora expansa"
"Astreopora explanata","Astreopora explanata"
"Astreopora gracilis","Astreopora gracilis"
"Astreopora incrustans","Astreopora incrustans"
"Astreopora lambertsi","Astreopora lambertsi"
"Astreopora listeri","Astreopora listeri"
"Astreopora macrostoma","Astreopora macrostoma"
"Astreopora montiporina","Astreopora monteporina"
"Astreopora moretonensis","Astreopora moretonensis"
"Astreopora myriophthalma","Astreopora myriophthalma"
"Astreopora ocellata","Astreopora ocellata"
"Astreopora randalli","Astreopora randalli"
"Astreopora scabra","Astreopora scabra"
"Astreopora suggesta","Astreopora suggesta"
"Astroides calycularis","Astroides calycularis"
"Aulocyathus atlanticus","Aulocyathus atlanticus"
"Aulocyathus juvenescens","Aulocyathus juvenescens"
"Aulocyathus matricidus","Aulocyathus matricidus"
"Aulocyathus recidivus","Aulocyathus recidivus"
"Australocyathus vincentinus","Australocyathus vincentinus"
"Australogyra zelli","Australogyra zelli"
"Australomussa rowleyensis","Lobophyllia rowleyensis"
"Australophyllia wilsoni","Australophyllia wilsoni"
"Balanophyllia bairdiana","Balanophyllia bairdiana"
"Balanophyllia bayeri","Balanophyllia bayeri"
"Balanophyllia bonaespei","Balanophyllia bonaespei"
"Balanophyllia buccina","Balanophyllia bairdiana"
"Balanophyllia capensis","Balanophyllia capensis"
"Balanophyllia caribbeana","Balanophyllia caribbeana"
"Balanophyllia carinata","Balanophyllia carinata"
"Balanophyllia cedrosensis","Balanophyllia cedrosensis"
"Balanophyllia cellulosa","Balanophyllia cellulosa"
"Balanophyllia chnous","Balanophyllia chnous"
"Balanophyllia corniculans","Balanophyllia corniculans"
"Balanophyllia cornu","Balanophyllia ukrainensis"
"Balanophyllia crassiseptum","Balanophyllia crassiseptum"
"Balanophyllia crassitheca","Balanophyllia crassitheca"
"Balanophyllia cumingii","Balanophyllia cumingii"
"Balanophyllia cyathoides","Balanophyllia cyathoides"
"Balanophyllia dentata","Balanophyllia dentata"
"Balanophyllia desmophyllioides","Balanophyllia desmophyllioides"
"Balanophyllia diademata","Balanophyllia diademata"
"Balanophyllia diffusa","Balanophyllia diffusa"
"Balanophyllia dilatata","Balanophyllia dilatata"
"Balanophyllia dineta","Balanophyllia dineta"
"Balanophyllia diomedeae","Balanophyllia diomedeae"
"Balanophyllia dubia","Balanophyllia dubia"
"Balanophyllia elegans","Balanophyllia elegans"
"Balanophyllia elliptica","Balanophyllia bairdiana"
"Balanophyllia elongata","Thecopsammia elongata"
"Balanophyllia europaea","Balanophyllia europaea"
"Balanophyllia floridana","Balanophyllia floridana"
"Balanophyllia galapagensis","Balanophyllia galapagensis"
"Balanophyllia gemma","Balanophyllia gemma"
"Balanophyllia gemmifera","Balanophyllia gemmifera"
"Balanophyllia generatrix","Balanophyllia generatrix"
"Balanophyllia gigas","Balanophyllia gigas"
"Balanophyllia hadros","Balanophyllia hadros"
"Balanophyllia helenae","Balanophyllia helenae"
"Balanophyllia imperialis","Balanophyllia imperialis"
"Balanophyllia iwayamaensis","Balanophyllia iwayamaensis"
"Balanophyllia japonica","Balanophyllia japonica"
"Balanophyllia kalakauai","Balanophyllia kalakauai"
"Balanophyllia laysanensis","Balanophyllia laysanensis"
"Balanophyllia malouiensis","Balanophyllia malouinensis"
"Balanophyllia malouinensis","Balanophyllia malouinensis"
"Balanophyllia merguiensis","Balanophyllia merguiensis"
"Balanophyllia palifera","Balanophyllia palifera"
"Balanophyllia parallela","Balanophyllia parallela"
"Balanophyllia parvula","Balanophyllia parvula"
"Balanophyllia pittieri","Balanophyllia pittieri"
"Balanophyllia ponderosa","Balanophyllia vanderhorsti"
"Balanophyllia profundicella","Balanophyllia profundicella"
"Balanophyllia rediviva","Balanophyllia rediviva"
"Balanophyllia regalis","Balanophyllia regalis"
"Balanophyllia regia","Balanophyllia regia"
"Balanophyllia scabra","Balanophyllia scabra"
"Balanophyllia scabrosa","Balanophyllia scabrosa"
"Balanophyllia serrata","Balanophyllia serrata"
"Balanophyllia spongiosa","Balanophyllia spongiosa"
"Balanophyllia stimpsonii","Balanophyllia stimpsonii"
"Balanophyllia striata","Balanophyllia striata"
"Balanophyllia taprobanae","Balanophyllia taprobanae"
"Balanophyllia tenuis","Balanophyllia tenuis"
"Balanophyllia teres","Balanophyllia japonica"
"Balanophyllia thalassae","Balanophyllia thalassae"
"Balanophyllia vanderhorsti","Balanophyllia vanderhorsti"
"Balanophyllia wellsi","Balanophyllia wellsi"
"Balanophyllia yongei","Balanophyllia yongei"
"Barabattoia amicorum","Dipsastraea amicorum"
"Barabattoia laddi","Dipsastraea laddi"
"Barabattoia mirabilis","Dipsastraea amicorum"
"Bathelia candida","Bathelia candida"
"Bathycyathus chilensis","Bathycyathus chilensis"
"Bathypsammia fallosocialis","Bathypsammia fallosocialis"
"Bathypsammia tintinnabulum","Bathypsammia tintinnabulum"
"Bernardpora stutchburyi","Bernardpora stutchburyi"
"Blastomussa loyae","Blastomussa loyae"
"Blastomussa merleti","Blastomussa merleti"
"Blastomussa omanensis","Blastomussa omanensis"
"Blastomussa vivida","Blastomussa vivida"
"Blastomussa wellsi","Blastomussa wellsi"
"Blastotrochus nutrix","Blastotrochus nutrix"
"Boninastrea boninensis","Boninastrea boninensis"
"Bourneotrochus stellulatus","Bourneotrochus stellulatus"
"Cantharellus doederleini","Cantharellus doederleini"
"Cantharellus jebbi","Cantharellus jebbi"
"Cantharellus noumeae","Cantharellus noumeae"
"Caryophyllia abrupta","Caryophyllia abrupta"
"Caryophyllia abyssorum","Caryophyllia abyssorum"
"Caryophyllia alaskensis","Caryophyllia alaskensis"
"Caryophyllia alberti","Caryophyllia alberti"
"Caryophyllia ambrosia","Caryophyllia ambrosia"
"Caryophyllia ambrosiaambrosia","Caryophyllia ambrosia"
"Caryophyllia ambrosiacaribbeana","Caryophyllia ambrosia"
"Caryophyllia antarctica","Caryophyllia antarctica"
"Caryophyllia antillarum","Caryophyllia antillarum"
"Caryophyllia arnoldi","Caryophyllia arnoldi"
"Caryophyllia aspera","Caryophyllia aspera"
"Caryophyllia atlantica","Caryophyllia atlantica"
"Caryophyllia balaenacea","Caryophyllia balaenacea"
"Caryophyllia balanacea","Caryophyllia balanacea"
"Caryophyllia barbadensis","Caryophyllia barbadensis"
"Caryophyllia berteriana","Caryophyllia berteriana"
"Caryophyllia calveri","Caryophyllia calveri"
"Caryophyllia capensis","Paraconotrochus capense"
"Caryophyllia cincticulatus","Caryophyllia cincticulatus"
"Caryophyllia concreta","Caryophyllia concreta"
"Caryophyllia cornuformis","Premocyathus cornuformis"
"Caryophyllia cornulum","Caryophyllia cornulum"
"Caryophyllia corona","Caryophyllia corona"
"Caryophyllia corrugata","Caryophyllia corrugata"
"Caryophyllia crosnieri","Caryophyllia crosnieri"
"Caryophyllia crypta","Caryophyllia crypta"
"Caryophyllia cyathus","Caryophyllia cyathus"
"Caryophyllia decamera","Caryophyllia decamera"
"Caryophyllia dentata","Caryophyllia dentata"
"Caryophyllia diomedeae","Caryophyllia diomedeae"
"Caryophyllia eltaninae","Caryophyllia eltaninae"
"Caryophyllia ephyala","Caryophyllia ephyala"
"Caryophyllia foresti","Caryophyllia foresti"
"Caryophyllia grandis","Caryophyllia grandis"
"Caryophyllia grayi","Caryophyllia grayi"
"Caryophyllia hawaiiensis","Caryophyllia hawaiiensis"
"Caryophyllia horologium","Caryophyllia horologium"
"Caryophyllia huinayensis","Caryophyllia huinayensis"
"Caryophyllia inornata","Caryophyllia inornata"
"Caryophyllia japonica","Caryophyllia japonica"
"Caryophyllia jogashimaensis","Caryophyllia jogashimaensis"
"Caryophyllia karubarica","Caryophyllia karubarica"
"Caryophyllia laevigata","Caryophyllia laevigata"
"Caryophyllia lamellifera","Caryophyllia lamellifera"
"Caryophyllia mabahithi","Caryophyllia mabahithi"
"Caryophyllia marmorea","Caryophyllia marmorea"
"Caryophyllia oblonga","Caryophyllia oblonga"
"Caryophyllia octonaria","Caryophyllia octonaria"
"Caryophyllia octopali","Caryophyllia octopali"
"Caryophyllia paradoxus","Caryophyllia paradoxus"
"Caryophyllia paucipalata","Caryophyllia paucipalata"
"Caryophyllia pauciseptata","Caryophyllia paucipaliata"
"Caryophyllia perculta","Caryophyllia perculta"
"Caryophyllia planilamellata","Caryophyllia planilamellata"
"Caryophyllia polygona","Caryophyllia polygona"
"Caryophyllia profunda","Caryophyllia profunda"
"Caryophyllia protei","Mesanthura protei"
"Caryophyllia quadragenaria","Caryophyllia quadragenaria"
"Caryophyllia quangdongensis","Caryophyllia quangdongensis"
"Caryophyllia ralphae","Caryophyllia ralphae"
"Caryophyllia rugosa","Caryophyllia rugosa"
"Caryophyllia sarsiae","Caryophyllia sarsiae"
"Caryophyllia scillaemorpha","Caryophyllia scillaemorpha"
"Caryophyllia scobinosa","Caryophyllia scobinosa"
"Caryophyllia secta","Caryophyllia secta"
"Caryophyllia seguenzae","Caryophyllia seguenzae"
"Caryophyllia sewelli","Caryophyllia sewelli"
"Caryophyllia smithii","Caryophyllia smithii"
"Caryophyllia solida","Caryophyllia solida"
"Caryophyllia spinicarens","Caryophyllia spinicarens"
"Caryophyllia spinigera","Caryophyllia spinigera"
"Caryophyllia squiresi","Caryophyllia squiresi"
"Caryophyllia stellula","Caryophyllia stellula"
"Caryophyllia tangaroae","Caryophyllia tangaroae"
"Caryophyllia transversalis","Caryophyllia transversalis"
"Caryophyllia unicristata","Caryophyllia unicristata"
"Caryophyllia valdiviae","Caryophyllia valdiviae"
"Caryophyllia versicolorata","Caryophyllia versicolorata"
"Caryophyllia zanzibarensis","Premocyathus dentiformis"
"Caryophyllia zopyros","Caryophyllia zopyros"
"Catalaphyllia jardinei","Catalaphyllia jardinei"
"Caulastraea connata","Caulastraea connata"
"Caulastraea curvata","Caulastraea curvata"
"Caulastraea echinulata","Caulastraea echinulata"
"Caulastraea furcata","Caulastraea furcata"
"Caulastraea tumida","Caulastraea tumida"
"Caulastrea tumida","Caulastraea tumida"
"Ceratotrochus franciscana","Ceratotrochus franciscana"
"Ceratotrochus laxus","Ceratotrochus laxus"
"Ceratotrochus magnaghii","Ceratotrochus magnaghii"
"Cladangia exusta","Cladangia exusta"
"Cladocora arbuscula","Cladocora arbuscula"
"Cladocora caespitosa","Cladocora caespitosa"
"Cladocora debilis","Cladocora debilis"
"Cladocora pacifica","Cladocora pacifica"
"Cladopsammia echinata","Cladopsammia echinata"
"Cladopsammia eguchii","Cladopsammia eguchii"
"Cladopsammia gracilis","Cladopsammia gracilis"
"Cladopsammia manuelensis","Cladopsammia manuelensis"
"Cladopsammia rolandi","Cladopsammia rolandi"
"Cladopsammia willeyi","Cladopsammia willeyi"
"Coelastrea aspera","Coelastrea aspera"
"Coelastrea palauensis","Coelastrea palauensis"
"Coeloseris mayeri","Coeloseris mayeri"
"Coenocyathus anthophyllites","Coenocyathus anthophyllites"
"Coenocyathus bowersi","Coenocyathus bowersi"
"Coenocyathus brooki","Coenocyathus brooki"
"Coenocyathus brooksi","Coenocyathus brooki"
"Coenocyathus caribbeana","Coenocyathus caribbeana"
"Coenocyathus cylindricus","Coenocyathus cylindricus"
"Coenocyathus goreaui","Coenocyathus goreaui"
"Coenocyathus humanni","Coenocyathus humanni"
"Coenocyathus parvula","Coenocyathus parvulus"
"Coenocyathus parvulus","Coenocyathus parvulus"
"Coenosmilia arbuscula","Coenosmilia arbuscula"
"Coenosmilia inordinata","Coenosmilia inordinata"
"Colangia immersa","Colangia immersa"
"Colangia jamaicaensis","Colangia jamaicaensis"
"Colangia moseleyi","Colangia moseleyi"
"Colangia multipalifera","Colangia multipalifera"
"Colpophyllia amaranthus","Colpophyllia natans"
"Colpophyllia breviserialis","Colpophyllia natans"
"Colpophyllia natans","Colpophyllia natans"
"Concentrotheca laevigata","Concentrotheca laevigata"
"Concentrotheca vaughani","Concentrotheca vaughani"
"Confluphyllia juncta","Confluphyllia juncta"
"Conocyathus formosus","Conocyathus formosus"
"Conocyathus gracilis","Conocyathus gracilis"
"Conocyathus zelandiae","Conocyathus zelandiae"
"Conotrochus asymmetros","Conotrochus asymmetros"
"Conotrochus brunneus","Conotrochus brunneus"
"Conotrochus funicolumna","Conotrochus funicolumna"
"Coral juvenile","Coral juvenile"
"Coral nonID","Coral_nonID"
"Coscinaraea columna","Coscinaraea columna"
"Coscinaraea crassa","Coscinaraea crassa"
"Coscinaraea exesa","Coscinaraea exesa"
"Coscinaraea hahazimaensis","Coscinaraea hahazimaensis"
"Coscinaraea marshae","Coscinaraea marshae"
"Coscinaraea mcneilli","Coscinaraea mcneilli"
"Coscinaraea monile","Coscinaraea monile"
"Coscinaraea wellsi","Cycloseris wellsi"
"Craterastrea levis","Craterastrea levis"
"Crispatotrochus cornu","Crispatotrochus cornu"
"Crispatotrochus curvatus","Crispatotrochus curvatus"
"Crispatotrochus foxi","Crispatotrochus foxi"
"Crispatotrochus galapagensis","Crispatotrochus galapagensis"
"Crispatotrochus gregarius","Crispatotrochus gregarius"
"Crispatotrochus inornatus","Crispatotrochus inornatus"
"Crispatotrochus irregularis","Crispatotrochus irregularis"
"Crispatotrochus niinoi","Crispatotrochus niinoi"
"Crispatotrochus rubescens","Crispatotrochus rubescens"
"Crispatotrochus rugosus","Crispatotrochus rugosus"
"Crispatotrochus septumdentatus","Crispatotrochus septumdentatus"
"Crispatotrochus squiresi","Crispatotrochus squiresi"
"Crispatotrochus woodsi","Crispatotrochus woodsi"
"Cryptotrochus brevipalus","Cryptotrochus brevipalus"
"Cryptotrochus carolinensis","Cryptotrochus carolinensis"
"Cryptotrochus javanus","Cryptotrochus javanus"
"Ctenactis albitentaculata","Ctenactis albitentaculata"
"Ctenactis crassa","Ctenactis crassa"
"Ctenactis echinata","Ctenactis echinata"
"Ctenella chagius","Ctenella chagius"
"Culicia australiensis","Culicia australiensis"
"Culicia cuticulata","Culicia cuticulata"
"Culicia excavata","Culicia excavata"
"Culicia fragilis","Culicia fragilis"
"Culicia hoffmeisteri","Culicia hoffmeisteri"
"Culicia quinaria","Culicia quinaria"
"Culicia rachelfitzhardingeae","Culicia rachelfitzhardingeae"
"Culicia rubeola","Culicia rubeola"
"Culicia smithii","Culicia smithii"
"Culicia stellata","Culicia stellata"
"Culicia subaustraliensis","Culicia subaustraliensis"
"Culicia tenella","Culicia tenella"
"Culicia tenellanatalensis","Culicia tenella natalensis"
"Culicia tenellatenella","Culicia tenella tenella"
"Culicia tenuisepes","Culicia tenuisepes"
"Culicia verreauxi","Culicia verreauxi"
"Cyathelia axillaris","Cyathelia axillaris"
"Cyathotrochus herdmani","Cyathotrochus pileus"
"Cyathotrochus nascornatus","Cyathotrochus nascornatus"
"Cyathotrochus pileus","Cyathotrochus pileus"
"Cycloseris boschmai","Cycloseris boschmai"
"Cycloseris costulata","Cycloseris costulata"
"Cycloseris curvata","Cycloseris curvata"
"Cycloseris cyclolites","Cycloseris cyclolites"
"Cycloseris distorta","Cycloseris distorta"
"Cycloseris explanulata","Cycloseris explanulata"
"Cycloseris fragilis","Cycloseris fragilis"
"Cycloseris hexagonalis","Cycloseris hexagonalis"
"Cycloseris mokai","Cycloseris mokai"
"Cycloseris sinensis","Cycloseris sinensis"
"Cycloseris somervillei","Cycloseris somervillei"
"Cycloseris tenuis","Cycloseris tenuis"
"Cycloseris vaughani","Cycloseris vaughani"
"Cycloseris wellsi","Cycloseris wellsi"
"Cylicia inflata","Cylicia inflata"
"Cynarina lacrymalis","Cynarina lacrymalis"
"Cyphastrea agassizi","Cyphastrea agassizi"
"Cyphastrea chalcidicum","Cyphastrea chalcidicum"
"Cyphastrea decadia","Cyphastrea decadia"
"Cyphastrea hexasepta","Cyphastrea hexasepta"
"Cyphastrea japonica","Cyphastrea japonica"
"Cyphastrea microphthalma","Cyphastrea microphthalma"
"Cyphastrea ocellina","Cyphastrea ocellina"
"Cyphastrea serailia","Cyphastrea serailia"
"Dactylotrochus cervicornis","Dactylotrochus cervicornis"
"Danafungia horrida","Danafungia horrida"
"Danafungia scruposa","Danafungia scruposa"
"Dasmosmilia lymani","Dasmosmilia lymani"
"Dasmosmilia valida","Rhizosmilia valida"
"Dasmosmilia variegata","Dasmosmilia variegata"
"Deltocyathoides orientalis","Deltocyathoides orientalis"
"Deltocyathoides stimpsonii","Deltocyathoides stimpsonii"
"Deltocyathus agassizi","Deltocyathus agassizi"
"Deltocyathus agassizii","Deltocyathus agassizi"
"Deltocyathus andamanicus","Deltocyathus andamanicus"
"Deltocyathus calcar","Deltocyathus calcar"
"Deltocyathus cameratus","Deltocyathus cameratus"
"Deltocyathus corrugatus","Deltocyathus corrugatus"
"Deltocyathus crassiseptum","Deltocyathus crassiseptum"
"Deltocyathus eccentricus","Deltocyathus eccentricus"
"Deltocyathus halianthus","Deltocyathus halianthus"
"Deltocyathus heteroclitus","Deltocyathus heteroclitus"
"Deltocyathus inusitatus","Deltocyathus inusitiatus"
"Deltocyathus italicus","Deltocyathus italicus"
"Deltocyathus magnificus","Deltocyathus magnificus"
"Deltocyathus moseleyi","Deltocyathus moseleyi"
"Deltocyathus murrayi","Deltocyathus murrayi"
"Deltocyathus nascornatus","Deltocyathus nascornatus"
"Deltocyathus ornatus","Deltocyathus ornatus"
"Deltocyathus parvulus","Deltocyathus parvulus"
"Deltocyathus philippinensis","Deltocyathus philippinensis"
"Deltocyathus pourtalesi","Deltocyathus pourtalesi"
"Deltocyathus rotulus","Deltocyathus rotulus"
"Deltocyathus sarsi","Deltocyathus sarsi"
"Deltocyathus stella","Deltocyathus stella"
"Deltocyathus suluensis","Deltocyathus suluensis"
"Deltocyathus taiwanicus","Deltocyathus taiwanicus"
"Deltocyathus varians","Deltocyathus varians"
"Deltocyathus vaughani","Deltocyathus vaughani"
"Dendrogyra cylindrus","Dendrogyra cylindrus"
"Dendrophyllia aculeata","Dendrophyllia aculeata"
"Dendrophyllia alcocki","Dendrophyllia alcocki"
"Dendrophyllia alternata","Dendrophyllia alternata"
"Dendrophyllia arbuscula","Dendrophyllia arbuscula"
"Dendrophyllia boschmai","Dendrophyllia boschmai"
"Dendrophyllia californica","Dendrophyllia californica"
"Dendrophyllia carleenae","Dendrophyllia carleenae"
"Dendrophyllia cecilliana","Dendrophyllia cecilliana"
"Dendrophyllia cladonia","Dendrophyllia cladonia"
"Dendrophyllia cornigera","Dendrophyllia cornigera"
"Dendrophyllia cribrosa","Dendrophyllia cribrosa"
"Dendrophyllia dilatata","Dendrophyllia dilatata"
"Dendrophyllia florulenta","Dendrophyllia florulenta"
"Dendrophyllia fotojiku","Dendrophyllia futojiku"
"Dendrophyllia granosa","Dendrophyllia granosa"
"Dendrophyllia ijimai","Dendrophyllia ijimai"
"Dendrophyllia incisa","Dendrophyllia incisa"
"Dendrophyllia indica","Dendrophyllia indica"
"Dendrophyllia johnsoni","Dendrophyllia johnsoni"
"Dendrophyllia laboreli","Dendrophyllia laboreli"
"Dendrophyllia minima","Dendrophyllia minima"
"Dendrophyllia minuscula","Dendrophyllia minuscula"
"Dendrophyllia oldroydae","Dendrophyllia oldroydae"
"Dendrophyllia paragracilis","Dendrophyllia paragracilis"
"Dendrophyllia radians","Dendrophyllia radians"
"Dendrophyllia ramea","Dendrophyllia ramea"
"Dendrophyllia robusta","Dendrophyllia robusta"
"Dendrophyllia suprarbuscula","Dendrophyllia suprarbuscula"
"Dendrophyllia velata","Dendrophyllia velata"
"Desmophyllum dianthus","Desmophyllum dianthus"
"Desmophyllum quinarium","Desmophyllum quinarium"
"Desmophyllum striatum","Desmophyllum striatum"
"Dichocenia stokesii","Dichocoenia stokesii"
"Dichocoenia stellaris","Dichocoenia stokesii"
"Dichocoenia stokesi","Dichocoenia stokesii"
"Dichocoenia stokesii","Dichocoenia stokesii"
"Dichopsammia granulosa","Dichopsammia granulosa"
"Diploastrea heliopora","Diploastrea heliopora"
"Diploria clivosa","Pseudodiploria clivosa"
"Diploria labyrinthiformis","Diploria labyrinthiformis"
"Diploria strigosa","Pseudodiploria strigosa"
"Dipsastraea albida","Dipsastraea albida"
"Dipsastraea amicorum","Dipsastraea amicorum"
"Dipsastraea camranensis","Dipsastraea camranensis"
"Dipsastraea danai","Dipsastraea danai"
"Dipsastraea faviaformis","Dipsastraea faviaformis"
"Dipsastraea favus","Dipsastraea favus"
"Dipsastraea helianthoides","Dipsastraea helianthoides"
"Dipsastraea lacuna","Dipsastraea lacuna"
"Dipsastraea laddi","Dipsastraea laddi"
"Dipsastraea laxa","Dipsastraea laxa"
"Dipsastraea lizardensis","Dipsastraea lizardensis"
"Dipsastraea maritima","Dipsastraea maritima"
"Dipsastraea marshae","Dipsastraea marshae"
"Dipsastraea matthaii","Dipsastraea matthaii"
"Dipsastraea maxima","Dipsastraea maxima"
"Dipsastraea mirabilis","Dipsastraea amicorum"
"Dipsastraea pallida","Dipsastraea pallida"
"Dipsastraea rosaria","Dipsastraea rosaria"
"Dipsastraea rotumana","Dipsastraea rotumana"
"Dipsastraea speciosa","Dipsastraea speciosa"
"Dipsastraea truncata","Dipsastraea truncata"
"Dipsastraea truncatus","Dipsastraea truncata"
"Dipsastraea veroni","Dipsastraea veroni"
"Dipsastraea vietnamensis","Dipsastraea vietnamensis"
"Dipsastraea wisseli","Dipsastraea wisseli"
"Dipsastrea paillida","Dipsastraea pallida"
"Duncanopsammia axifuga","Duncanopsammia axifuga"
"Duncanopsammia peltata","Turbinaria peltata"
"Dunocyathus parasiticus","Dunocyathus parasiticus"
"Dunocyathus wallaceae","Dunocyathus wallaceae"
"Echinomorpha nishihirai","Echinomorpha nishihirai"
"Echinophyllia aspera","Echinophyllia aspera"
"Echinophyllia costata","Echinophyllia costata"
"Echinophyllia echinata","Echinophyllia echinata"
"Echinophyllia echinoporoides","Echinophyllia echinoporoides"
"Echinophyllia maxima","Pectinia maxima"
"Echinophyllia orpheensis","Echinophyllia orpheensis"
"Echinophyllia patula","Echinophyllia patula"
"Echinophyllia pectinata","Echinophyllia pectinata"
"Echinophyllia tarae","Echinophyllia tarae"
"Echinopora ashmorensis","Echinopora ashmorensis"
"Echinopora forskaliana","Echinopora forskaliana"
"Echinopora fruticulosa","Echinopora fruticulosa"
"Echinopora gemmacea","Echinopora gemmacea"
"Echinopora grandicula","Echinopora grandicula"
"Echinopora hirsutissima","Echinopora hirsutissima"
"Echinopora horrida","Echinopora horrida"
"Echinopora irregularis","Echinopora irregularis"
"Echinopora lamellosa","Echinopora lamellosa"
"Echinopora mammiformis","Echinopora mammiformis"
"Echinopora pacificus","Echinopora pacificus"
"Echinopora robusta","Echinopora robusta"
"Echinopora taylorae","Echinopora taylorae"
"Echinopora tiranensis","Echinopora tiranensis"
"Eguchipsammia cornucopia","Eguchipsammia cornucopia"
"Eguchipsammia fistula","Eguchipsammia fistula"
"Eguchipsammia gaditana","Eguchipsammia gaditana"
"Eguchipsammia japonica","Eguchipsammia japonica"
"Eguchipsammia serpentina","Eguchipsammia serpentina"
"Eguchipsammia strigosa","Eguchipsammia strigosa"
"Eguchipsammia wellsi","Eguchipsammia wellsi"
"Enallopsammia profunda","Enallopsammia profunda"
"Enallopsammia pusilla","Enallopsammia pusilla"
"Enallopsammia rostrata","Enallopsammia rostrata"
"Endocyathopora laticostata","Endocyathopora laticostata"
"Endopachys bulbosa","Lophelia pertusa"
"Endopachys grayi","Endopachys grayi"
"Endopsammia philippensis","Endopsammia philippensis"
"Endopsammia pourtalesi","Endopsammia pourtalesi"
"Endopsammia regularis","Endopsammia regularis"
"Enigmopora darveliensis","Enigmopora darveliensis"
"Ericiocyathus echinatus","Ericiocyathus echinatus"
"Erythrastrea flabellata","Erythrastrea flabellata"
"Euphyllia ancora","Euphyllia ancora"
"Euphyllia cristata","Euphyllia cristata"
"Euphyllia divisa","Euphyllia divisa"
"Euphyllia fimbriata","Euphyllia fimbriata"
"Euphyllia glabrescens","Euphyllia glabrescens"
"Euphyllia paraancora","Euphyllia paraancora"
"Euphyllia paradivisa","Euphyllia paradivisa"
"Euphyllia paraglabrescens","Euphyllia paraglabrescens"
"Euphyllia yaeyamaensis","Euphyllia yaeyamaensis"
"Eusmilia fastigiata","Eusmilia fastigiata"
"Falcatoflabellum rauolensis","Falcatoflabellum raoulensis"
"Favia albidus","Dipsastraea albida"
"Favia danae","Dipsastraea danai"
"Favia favus","Dipsastraea favus"
"Favia fragum","Favia fragum"
"Favia gravida","Favia gravida"
"Favia helianthoides","Dipsastraea helianthoides"
"Favia lacuna","Dipsastraea lacuna"
"Favia laxa","Dipsastraea laxa"
"Favia leptophylla","Favia leptophylla"
"Favia lizardensis","Dipsastraea lizardensis"
"Favia maritima","Dipsastraea maritima"
"Favia marshae","Dipsastraea marshae"
"Favia matthaii","Dipsastraea matthaii"
"Favia maxima","Dipsastraea maxima"
"Favia pallida","Dipsastraea pallida"
"Favia rosaria","Dipsastraea rosaria"
"Favia rotumana","Dipsastraea rotumana"
"Favia rotundata","Favites rotundata"
"Favia speciosa","Dipsastraea speciosa"
"Favia stelligera","Goniastrea stelligera"
"Favia stelligera var. fanningensis","Goniastrea stelligera"
"Favia truncatus","Dipsastraea truncatus"
"Favia veroni","Dipsastraea veroni"
"Favia vietnamensis","Dipsastraea vietnamensis"
"Favites abdita","Favites abdita"
"Favites acuticollis","Favites acuticollis"
"Favites bestae","Favites melicerum"
"Favites chinensis","Favites chinensis"
"Favites colemani","Favites colemani"
"Favites complanata","Favites complanata"
"Favites flexuosa","Favites flexuosa"
"Favites halicora","Favites halicora"
"Favites magnistellata","Favites magnistellata"
"Favites melicerum","Favites melicerum"
"Favites micropentagona","Favites micropentagonus"
"Favites micropentagonus","Favites micropentagonus"
"Favites paraflexuosa","Favites paraflexuosus"
"Favites paraflexuosus","Favites paraflexuosus"
"Favites pentagona","Favites pentagona"
"Favites rotundata","Favites rotundata"
"Favites russelli","Paragoniastrea russelli"
"Favites spinosa","Favites spinosa"
"Favites stylifera","Favites stylifera"
"Favites valenciennesi","Favites valenciennesi"
"Favites vasta","Favites vasta"
"Flabellum alabastrum","Flabellum alabastrum"
"Flabellum angulare","Flabellum angulare"
"Flabellum angustum","Flabellum angustum"
"Flabellum aotearoa","Flabellum aotearoa"
"Flabellum apertum","Flabellum apertum"
"Flabellum apertumapertum","Flabellum apertum"
"Flabellum apertumborealis","Flabellum apertum"
"Flabellum arcuatile","Flabellum arcuatile"
"Flabellum areum","Flabellum areum"
"Flabellum atlanticum","Flabellum atlanticum"
"Flabellum australe","Flabellum australe"
"Flabellum campanulatum","Flabellum campanulatum"
"Flabellum chunii","Flabellum chunii"
"Flabellum conuis","Flabellum conuis"
"Flabellum curvatum","Flabellum curvatum"
"Flabellum daphnense","Flabellum daphnense"
"Flabellum deludens","Flabellum deludens"
"Flabellum flexuosum","Flabellum flexuosum"
"Flabellum floridanum","Flabellum floridanum"
"Flabellum folkesoni","Flabellum folkesoni"
"Flabellum gardineri","Flabellum gardineri"
"Flabellum hoffmeisteri","Flabellum hoffmeisteri"
"Flabellum impensum","Flabellum impensum"
"Flabellum japonicum","Flabellum japonicum"
"Flabellum knoxi","Flabellum knoxi"
"Flabellum lamellulosum","Flabellum lamellulosum"
"Flabellum lowekeyesi","Flabellum lowekeyesi"
"Flabellum macandrewi","Flabellum macandrewi"
"Flabellum magnificum","Flabellum magnificum"
"Flabellum marcus","Flabellum marcus"
"Flabellum marenzelleri","Flabellum marenzelleri"
"Flabellum messum","Flabellum messum"
"Flabellum moseleyi","Flabellum moseleyi"
"Flabellum ongulense","Flabellum ongulense"
"Flabellum patens","Flabellum patens"
"Flabellum pavoninum","Flabellum pavoninum"
"Flabellum politum","Flabellum politum"
"Flabellum sexcostatum","Flabellum sexcostatum"
"Flabellum sibogae","Javania lamprotichum"
"Flabellum thouarsii","Flabellum thouarsii"
"Flabellum transversale","Flabellum transversale"
"Flabellum transversaleconicum","Flabellum transversale"
"Flabellum transversaletransversale","Flabellum transversale"
"Flabellum transversaletriangulare","Flabellum transversale"
"Flabellum tuthilli","Flabellum tuthilli"
"Flabellum vaughani","Flabellum vaughani"
"Foveolocyathus alternans","Foveolocyathus alternans"
"Foveolocyathus kitsoni","Foveolocyathus kitsoni"
"Foveolocyathus parkeri","Foveolocyathus parkeri"
"Foveolocyathus verconis","Foveolocyathus verconis"
"Fungia fungites","Fungia fungites"
"Fungia horrida","Danafungia horrida"
"Fungia scutaria","Lobactis scutaria"
"Fungiacyathus crispus","Fungiacyathus crispus"
"Fungiacyathus dennanti","Fungiacyathus dennanti"
"Fungiacyathus fissidiscus","Fungiacyathus fissidiscus"
"Fungiacyathus fissilis","Fungiacyathus fissilis"
"Fungiacyathus fragilis","Fungiacyathus fragilis"
"Fungiacyathus granulosus","Fungiacyathus granulosus"
"Fungiacyathus hydra","Fungiacyathus hydra"
"Fungiacyathus marenzelleri","Fungiacyathus marenzelleri"
"Fungiacyathus margaretae","Fungiacyathus margaretae"
"Fungiacyathus multicarinatus","Fungiacyathus multicarinatus"
"Fungiacyathus paliferus","Fungiacyathus paliferus"
"Fungiacyathus pliciseptus","Fungiacyathus pliciseptus"
"Fungiacyathus pseudostephanus","Fungiacyathus pseudostephanus"
"Fungiacyathus pusillus","Fungiacyathus pusillus"
"Fungiacyathus pusilluspacificus","Fungiacyathus pusillus"
"Fungiacyathus pusilluspusillus","Fungiacyathus pusillus"
"Fungiacyathus sandoi","Fungiacyathus sandoi"
"Fungiacyathus sibogae","Fungiacyathus sibogae"
"Fungiacyathus stephanus","Fungiacyathus stephanus"
"Fungiacyathus symmetricus","Fungiacyathus symmetricus"
"Fungiacyathus turbinolioides","Fungiacyathus turbinolioides"
"Fungiacyathus variegatus","Fungiacyathus variegatus"
"Galaxea acrhelia","Galaxea acrhelia"
"Galaxea astreata","Galaxea astreata"
"Galaxea cryptoramosa","Galaxea cryptoramosa"
"Galaxea fascicularis","Galaxea fascicularis"
"Galaxea horrescens","Galaxea horrescens"
"Galaxea longisepta","Galaxea longisepta"
"Galaxea paucisepta","Galaxea paucisepta"
"Gardineria hawaiiensis","Gardineria hawaiiensis"
"Gardineria minor","Gardineria minor"
"Gardineria paradoxa","Gardineria paradoxa"
"Gardineria philippinensis","Gardineria philippinensis"
"Gardineria simplex","Gardineria simplex"
"Gardineroseris planulata","Gardineroseris planulata"
"Goniastrea aspera","Coelastrea aspera"
"Goniastrea australensis","Paragoniastrea australensis"
"Goniastrea columella","Goniastrea columella"
"Goniastrea deformis","Paragoniastrea deformis"
"Goniastrea edwardsi","Goniastrea edwardsi"
"Goniastrea favulus","Goniastrea favulus"
"Goniastrea minuta","Goniastrea minuta"
"Goniastrea palauensis","Coelastrea palauensis"
"Goniastrea pectinata","Goniastrea pectinata"
"Goniastrea peresi","Paramontastraea peresi"
"Goniastrea ramosa","Goniastrea ramosa"
"Goniastrea retiformis","Goniastrea retiformis"
"Goniastrea stelligera","Goniastrea stelligera"
"Goniastrea thecata","Goniastrea thecata"
"Goniocorella dumosa","Goniocorella dumosa"
"Goniopora albiconus","Goniopora albiconus"
"Goniopora burgosi","Goniopora burgosi"
"Goniopora cellulosa","Goniopora cellulosa"
"Goniopora ciliatus","Goniopora ciliatus"
"Goniopora columna","Goniopora columna"
"Goniopora djiboutiensis","Goniopora djiboutiensis"
"Goniopora eclipsensis","Goniopora eclipsensis"
"Goniopora fruticosa","Goniopora fruticosa"
"Goniopora gracilis","Goniopora gracilis"
"Goniopora lobata","Goniopora lobata"
"Goniopora mauritiensis","Goniopora mauritiensis"
"Goniopora minor","Goniopora pedunculata"
"Goniopora norfolkensis","Goniopora norfolkensis"
"Goniopora paliformis","Goniopora paliformis"
"Goniopora palmensis","Goniopora palmensis"
"Goniopora pandoraensis","Goniopora pandoraensis"
"Goniopora pearsoni","Goniopora pearsoni"
"Goniopora pedunculata","Goniopora pedunculata"
"Goniopora pendulus","Goniopora pendulus"
"Goniopora planulata","Goniopora planulata"
"Goniopora polyformis","Goniopora polyformis"
"Goniopora savignyi","Goniopora savignyi"
"Goniopora somaliensis","Goniopora somaliensis"
"Goniopora stokesi","Goniopora stokesi"
"Goniopora stutchburyi","Bernardpora stutchburyi"
"Goniopora sultani","Goniopora sultani"
"Goniopora tantillus","Goniopora tantillus"
"Goniopora tenella","Goniopora tenella"
"Goniopora tenuidens","Goniopora tenuidens"
"Guynia annulata","Guynia annulata"
"Gyrosmilia interrupta","Gyrosmilia interrupta"
"Halomitra clavator","Halomitra clavator"
"Halomitra pileus","Halomitra pileus"
"Heliofungia actiniformis","Heliofungia actiniformis"
"Heliofungia fralinae","Heliofungia fralinae"
"Heliopora coerulea","Heliopora coerulea"
"Helioseris cucullata","Helioseris cucullata"
"Herpolitha limax","Herpolitha limax"
"Heterocyathus aequicostatus","Heterocyathus aequicostatus"
"Heterocyathus alternatus","Heterocyathus alternatus"
"Heterocyathus antoniae","Heterocyathus antoniae"
"Heterocyathus hemisphaericus","Heterocyathus hemisphaericus"
"Heterocyathus japonica","Heterocyathus aequicostatus"
"Heterocyathus japonicus","Heterocyathus aequicostatus"
"Heterocyathus sulcatus","Heterocyathus sulcatus"
"Heteropsammia cochlea","Heteropsammia cochlea"
"Heteropsammia cochleata","Heteropsammia cochlea"
"Heteropsammia eupsammides","Heteropsammia eupsammides"
"Heteropsammia moretonensis","Heteropsammia moretonensis"
"Holcotrochus crenulatus","Holcotrochus crenulatus"
"Holcotrochus scriptus","Holcotrochus scriptus"
"Homophyllia australis","Homophyllia australis"
"Homophyllia bowerbanki","Homophyllia bowerbanki"
"Homophyllia hillae","Homophyllia bowerbanki"
"Hoplangia durotrix","Hoplangia durotrix"
"Horastrea indica","Horastrea indica"
"Hydnophora bonsai","Hydnophora bonsai"
"Hydnophora exesa","Hydnophora exesa"
"Hydnophora grandis","Hydnophora grandis"
"Hydnophora microconos","Hydnophora microconos"
"Hydnophora pilosa","Hydnophora pilosa"
"Hydnophora rigida","Hydnophora rigida"
"Hydnophyllia wilsoni","Australophyllia wilsoni"
"Idiotrochus alatus","Idiotrochus alatus"
"Idiotrochus emarciatus","Idiotrochus emarciatus"
"Idiotrochus kikutii","Idiotrochus kikutii"
"Indophyllia macassarensis","Cynarina macassarensis"
"Isophyllastrea rigida","Isophyllia rigida"
"Isophyllia rigida","Isophyllia rigida"
"Isophyllia sinuosa","Isophyllia sinuosa"
"Isopora brueggemanni","Isopora brueggemanni"
"Isopora crateriformis","Isopora crateriformis"
"Isopora cuneata","Isopora cuneata"
"Isopora cylindrica","Isopora togianensis"
"Isopora elizabethensis","Isopora elizabethensis"
"Isopora meridiana","Isopora brueggemanni"
"Isopora palifera","Isopora palifera"
"Isopora togianensis","Isopora togianensis"
"Javania antarctica","Javania antarctica"
"Javania borealis","Javania borealis"
"Javania cailleti","Javania cailleti"
"Javania californica","Javania californica"
"Javania erhardti","Javania erhardti"
"Javania exserta","Javania exserta"
"Javania fusca","Javania fusca"
"Javania insignis","Javania insignis"
"Javania lamprotichum","Javania lamprotichum"
"Javania pseudoalabastra","Javania pseudoalabastra"
"Kionotrochus suteri","Kionotrochus suteri"
"Labyrinthocyathus delicatus","Labyrinthocyathus delicatus"
"Labyrinthocyathus facetus","Labyrinthocyathus facetus"
"Labyrinthocyathus langae","Labyrinthocyathus langae"
"Labyrinthocyathus limatulus","Labyrinthocyathus limatulus"
"Labyrinthocyathus quaylei","Labyrinthocyathus quaylei"
"Leptastrea aequalis","Leptastrea aequalis"
"Leptastrea bewickensis","Leptastrea bewickensis"
"Leptastrea bottae","Leptastrea bottae"
"Leptastrea inaequalis","Leptastrea inaequalis"
"Leptastrea pruinosa","Leptastrea pruinosa"
"Leptastrea purpurae","Leptastrea purpurea"
"Leptastrea purpurea","Leptastrea purpurea"
"Leptastrea transversa","Leptastrea transversa"
"Leptopenus antarcticus","Leptopenus antarcticus"
"Leptopenus discus","Leptopenus discus"
"Leptopenus hypocoelus","Leptopenus hypocoelus"
"Leptopenus solidus","Leptopenus solidus"
"Leptopsammia britannica","Leptopsammia britannica"
"Leptopsammia brittanica","Leptopsammia britannica"
"Leptopsammia chevalieri","Leptopsammia chevalieri"
"Leptopsammia columna","Leptopsammia columna"
"Leptopsammia crassa","Leptopsammia crassa"
"Leptopsammia formosa","Leptopsammia formosa"
"Leptopsammia poculum","Leptopsammia poculum"
"Leptopsammia pruvoti","Leptopsammia pruvoti"
"Leptopsammia queenslandiae","Leptopsammia queenslandiae"
"Leptopsammia stokesiana","Leptopsammia stokesiana"
"Leptopsammia trinitatis","Leptopsammia trinitatis"
"Leptoria irregularis","Leptoria irregularis"
"Leptoria phrygia","Leptoria phrygia"
"Leptoseris amitoriensis","Leptoseris amitoriensis"
"Leptoseris cailleti","Leptoseris cailleti"
"Leptoseris cucullata","Helioseris cucullata"
"Leptoseris explanata","Leptoseris explanata"
"Leptoseris foliosa","Leptoseris foliosa"
"Leptoseris fragilis","Leptoseris fragilis"
"Leptoseris gardineri","Leptoseris gardineri"
"Leptoseris glabra","Leptoseris glabra"
"Leptoseris hawaiiensis","Leptoseris hawaiiensis"
"Leptoseris incrustans","Leptoseris incrustans"
"Leptoseris mycetoseroides","Leptoseris mycetoseroides"
"Leptoseris papyracea","Leptoseris papyracea"
"Leptoseris scabra","Leptoseris scabra"
"Leptoseris solida","Leptoseris solida"
"Leptoseris striata","Leptoseris striata"
"Leptoseris tenuis","Leptoseris hawaiiensis"
"Leptoseris tubulifera","Leptoseris tubulifera"
"Leptoseris yabei","Leptoseris yabei"
"Letepsammia fissilis","Letepsammia fissilis"
"Letepsammia formosissima","Letepsammia formosissima"
"Letepsammia franki","Letepsammia franki"
"Letepsammia superstes","Letepsammia superstes"
"Lissotrochus curvatus","Lissotrochus curvatus"
"Lithophyllon concinna","Lithophyllon concinna"
"Lithophyllon puishani","Fungia fungites"
"Lithophyllon ranjithi","Lithophyllon ranjithi"
"Lithophyllon repanda","Lithophyllon repanda"
"Lithophyllon scabra","Lithophyllon scabra"
"Lithophyllon spinifer","Lithophyllon spinifer"
"Lithophyllon undulatum","Lithophyllon undulatum"
"Lobactis scutaria","Lobactis scutaria"
"Lobophyllia corymbosa","Lobophyllia corymbosa"
"Lobophyllia costata","Lobophyllia costata"
"Lobophyllia dentata","Lobophyllia dentata"
"Lobophyllia dentatus","Lobophyllia dentata"
"Lobophyllia diminuta","Lobophyllia diminuta"
"Lobophyllia flabelliformis","Lobophyllia flabelliformis"
"Lobophyllia hataii","Lobophyllia hataii"
"Lobophyllia hemprichii","Lobophyllia hemprichii"
"Lobophyllia pachysepta","Acanthastrea pachysepta"
"Lobophyllia robusta","Lobophyllia robusta"
"Lobophyllia serrata","Lobophyllia serrata"
"Lobophyllia serratus","Lobophyllia serrata"
"Lobophytum pauciflorum","Lobophytum pauciflorum"
"Lobophytum sarcophytoides","Lobophytum sarcophytoides"
"Lochmaeotrochus gardineri","Lochmaeotrochus gardineri"
"Lochmaeotrochus oculeus","Lochmaeotrochus oculeus"
"Lophelia pertusa","Lophelia pertusa"
"Machadoporites tantillus","Machadoporites tantillus"
"Madracis asanoi","Madracis asanoi"
"Madracis asperula","Madracis asperula"
"Madracis auretenra","Madracis auretenra"
"Madracis brueggemanni","Madracis brueggemanni"
"Madracis carmabi","Madracis carmabi"
"Madracis decactis","Madracis decactis"
"Madracis formosa","Madracis formosa"
"Madracis fragilis","Madracis fragilis"
"Madracis hellana","Madracis hellana"
"Madracis interjecta","Madracis interjecta"
"Madracis kauaiensis","Madracis kauaiensis"
"Madracis kirbyi","Madracis kirbyi"
"Madracis mirabilis","Madracis mirabilis"
"Madracis myriaster","Madracis myriaster"
"Madracis pharensis","Madracis pharensis"
"Madracis profunda","Madracis profunda"
"Madracis senaria","Madracis senaria"
"Madracis singularis","Madracis kauaiensis"
"Madrepora arbuscula","Madrepora arbuscula"
"Madrepora carolina","Madrepora carolina"
"Madrepora kauaiensis","Madrepora oculata"
"Madrepora minutiseptum","Madrepora minutiseptum"
"Madrepora oculata","Madrepora oculata"
"Madrepora porcellana","Madrepora porcellana"
"Manicina areolata","Manicina areolata"
"Meandrina braziliensis","Meandrina brasiliensis"
"Meandrina danae","Meandrina danae"
"Meandrina jacksoni","Meandrina jacksoni"
"Meandrina meandrites","Meandrina meandrites"
"Merulina ampliata","Merulina ampliata"
"Merulina scabricula","Merulina scabricula"
"Merulina scheeri","Merulina scheeri"
"Merulina triangularis","Merulina triangularis"
"Micromussa amakusensis","Micromussa amakusensis"
"Micromussa diminuta","Goniopora diminuta"
"Micromussa lordhowensis","Micromussa lordhowensis"
"Micromussa minuta","Acanthastrea minuta"
"Micromussa multipunctata","Micromussa multipunctata"
"Millepora alcicornis","Millepora alcicornis"
"Millepora complanata","Millepora complanata"
"Millepora dichotoma","Millepora dichotoma"
"Millepora exaesa","Millepora exaesa"
"Millepora intricata","Millepora intricata"
"Millepora platyphylla","Millepora platyphylla"
"Millepora sp","Millepora sp"
"Millepora squarrosa","Millepora squarrosa"
"Millepora tenera","Millepora tenera"
"Millipora alcicornis","Millepora alcicornis"
"Millipora complanata","Millepora complanata"
"Millipora squarrosa","Millepora squarrosa"
"Monohedotrochus capitolii","Monohedotrochus capitolii"
"Monohedotrochus circularis","Monohedotrochus circularis"
"Monohedotrochus epithecatus","Monohedotrochus epithecatus"
"Monomyces pygmaea","Monomyces pygmaea"
"Monomyces rubrum","Monomyces rubrum"
"Montastraea annularis","Orbicella annularis"
"Montastraea annuligera","Astrea annuligera"
"Montastraea cavernosa","Montastraea cavernosa"
"Montastraea colemani","Favites colemani"
"Montastraea curta","Astasia curta"
"Montastraea faveolata","Orbicella faveolata"
"Montastraea franksi","Orbicella franksi"
"Montastraea magnistellata","Favites magnistellata"
"Montastraea multipunctata","Micromussa multipunctata"
"Montastraea salebrosa","Paramontastraea salebrosa"
"Montastraea serageldini","Paramontastraea serageldini"
"Montastraea valenciennesi","Favites valenciennesi"
"Montastrea annularis","Orbicella annularis"
"Montastrea cavernosa","Montastraea cavernosa"
"Montastrea faveolata","Orbicella faveolata"
"Montastrea franksi","Orbicella franksi"
"Montigyra kenti","Montigyra kenti"
"Montipora aequituberculata","Montipora aequituberculata"
"Montipora altasepta","Montipora altasepta"
"Montipora angulata","Montipora angulata"
"Montipora aspergillus","Montipora aspergillus"
"Montipora australiensis","Montipora australiensis"
"Montipora cactus","Montipora cactus"
"Montipora calcarea","Montipora calcarea"
"Montipora caliculata","Montipora caliculata"
"Montipora capitata","Montipora capitata"
"Montipora capricornis","Montipora capricornis"
"Montipora cebuensis","Montipora cebuensis"
"Montipora circumvallata","Montipora circumvallata"
"Montipora cocosensis","Montipora cocosensis"
"Montipora confusa","Montipora confusa"
"Montipora corbettensis","Montipora corbettensis"
"Montipora crassituberculata","Montipora crassituberculata"
"Montipora cryptus","Montipora cryptus"
"Montipora danae","Montipora danae"
"Montipora delicatula","Montipora delicatula"
"Montipora digitata","Montipora digitata"
"Montipora dilatata","Montipora dilatata"
"Montipora echinata","Montipora echinata"
"Montipora edwardsi","Montipora edwardsi"
"Montipora efflorescens","Montipora efflorescens"
"Montipora effusa","Montipora effusa"
"Montipora ehrenbergi","Montipora ehrenbergi"
"Montipora flabellata","Montipora flabellata"
"Montipora florida","Montipora florida"
"Montipora floweri","Montipora floweri"
"Montipora foliosa","Montipora foliosa"
"Montipora foveolata","Montipora foveolata"
"Montipora friabilis","Montipora friabilis"
"Montipora gaimardi","Montipora gaimardi"
"Montipora granulosa","Montipora granulosa"
"Montipora grisea","Montipora grisea"
"Montipora hemispherica","Montipora hemispherica"
"Montipora hirsuta","Montipora hirsuta"
"Montipora hispida","Montipora hispida"
"Montipora hodgsoni","Montipora hodgsoni"
"Montipora hoffmeisteri","Montipora hoffmeisteri"
"Montipora incrassata","Montipora incrassata"
"Montipora informis","Montipora informis"
"Montipora kellyi","Montipora kellyi"
"Montipora lobulata","Montipora lobulata"
"Montipora mactanensis","Montipora mactanensis"
"Montipora malampaya","Montipora malampaya"
"Montipora meandrina","Montipora meandrina"
"Montipora millepora","Montipora millepora"
"Montipora mollis","Montipora mollis"
"Montipora monasteriata","Montipora monasteriata"
"Montipora niugini","Montipora niugini"
"Montipora nodosa","Montipora nodosa"
"Montipora orientalis","Montipora orientalis"
"Montipora pachytuberculata","Montipora pachytuberculata"
"Montipora palawanensis","Montipora palawanensis"
"Montipora patula","Montipora patula"
"Montipora peltiformis","Montipora peltiformis"
"Montipora porites","Montipora porites"
"Montipora samarensis","Montipora samarensis"
"Montipora saudii","Montipora saudii"
"Montipora setosa","Montipora setosa"
"Montipora solanderi","Montipora stellata"
"Montipora spongiosa","Montipora spongiosa"
"Montipora spongodes","Montipora spongodes"
"Montipora spumosa","Montipora spumosa"
"Montipora stellata","Montipora stellata"
"Montipora stilosa","Montipora stilosa"
"Montipora striata","Montipora stellata"
"Montipora taiwanensis","Montipora taiwanensis"
"Montipora tortuosa","Montipora tortuosa"
"Montipora tuberculosa","Montipora tuberculosa"
"Montipora turgescens","Montipora turgescens"
"Montipora turtlensis","Montipora turtlensis"
"Montipora undata","Montipora undata"
"Montipora vaughani","Montipora vaughani"
"Montipora venosa","Montipora venosa"
"Montipora verrilli","Montipora verrilli"
"Montipora verrucosa","Montipora verrucosa"
"Montipora verruculosa","Montipora verruculosa"
"Montipora verruculosus","Montipora verruculosa"
"Montipora vietnamensis","Montipora vietnamensis"
"Moseleya latistellata","Moseleya latistellata"
"Mussa angulosa","Mussa angulosa"
"Mussismilia braziliensis","Mussismilia braziliensis"
"Mussismilia harttii","Mussismilia harttii"
"Mussismilia hispida","Mussismilia hispida"
"Mussismilia leptophylla","Favia leptophylla"
"Mycedium elephantotus","Mycedium elephantotus"
"Mycedium mancaoi","Mycedium mancaoi"
"Mycedium robokaki","Mycedium robokaki"
"Mycedium spina","Mycedium spina"
"Mycedium steeni","Mycedium steeni"
"Mycedium umbra","Mycedium umbra"
"Mycetophyllia aliciae","Mycetophyllia aliciae"
"Mycetophyllia danaana","Mycetophyllia danaana"
"Mycetophyllia ferox","Mycetophyllia ferox"
"Mycetophyllia lamarckiana","Mycetophyllia lamarckiana"
"Mycetophyllia reesi","Mycetophyllia reesi"
"Nemenzophyllia turbida","Nemenzophyllia turbida"
"Nomlandia californica","Nomlandia californica"
"Notocyathus conicus","Notocyathus conicus"
"Notocyathus venustus","Notocyathus venustus"
"Notophyllia etheridgi","Notophyllia etheridgi"
"Notophyllia hecki","Notophyllia hecki"
"Notophyllia piscacauda","Notophyllia piscacauda"
"Notophyllia recta","Notophyllia recta"
"Oculina arbuscula","Oculina arbuscula"
"Oculina diffusa","Oculina diffusa"
"Oculina patagonica","Oculina patagonica"
"Oculina profunda","Oculina profunda"
"Oculina robusta","Oculina robusta"
"Oculina tenella","Oculina tenella"
"Oculina valenciennesi","Oculina valenciennesi"
"Oculina varicosa","Oculina varicosa"
"Oculina virgosa","Oculina virgosa"
"Orbicella annularis","Orbicella annularis"
"Orbicella faveolata","Orbicella faveolata"
"Orbicella franksi","Orbicella franksi"
"Oulangia bradleyi","Oulangia bradleyi"
"Oulangia cyathiformis","Oulangia cyathiformis"
"Oulangia stokesiana","Oulangia stokesiana"
"Oulangia stokesianamiltoni","Oulangia stokesiana"
"Oulangia stokesianastokesiana","Oulangia stokesiana"
"Oulastrea crispata","Oulastrea crispata"
"Oulophyllia bennettae","Oulophyllia bennettae"
"Oulophyllia crispa","Oulophyllia crispa"
"Oulophyllia levis","Oulophyllia levis"
"Oxypora convoluta","Oxypora convoluta"
"Oxypora crassispinosa","Oxypora crassispinosa"
"Oxypora egyptensis","Oxypora egyptensis"
"Oxypora glabra","Oxypora glabra"
"Oxypora lacera","Oxypora lacera"
"Oxysmilia circularis","Monohedotrochus circularis"
"Oxysmilia corrugata","Oxysmilia corrugata"
"Oxysmilia epithecata","Monohedotrochus epithecatus"
"Oxysmilia rotundifolia","Oxysmilia rotundifolia"
"Pachyseris foliosa","Pachyseris foliosa"
"Pachyseris gemmae","Pachyseris gemmae"
"Pachyseris inattesa","Pachyseris inattesa"
"Pachyseris involuta","Pachyseris involuta"
"Pachyseris rugosa","Pachyseris rugosa"
"Pachyseris speciosa","Pachyseris speciosa"
"Palauastrea ramosa","Palauastrea ramosa"
"Paraclavarina triangularis","Merulina triangularis"
"Paraconotrochus antarctica","Paraconotrochus antarcticus"
"Paraconotrochus capense","Paraconotrochus capense"
"Paraconotrochus zeidleri","Paraconotrochus zeidleri"
"Paracyathus andersoni","Paracyathus andersoni"
"Paracyathus arcuatus","Paracyathus arcuatus"
"Paracyathus cavatus","Paracyathus cavatus"
"Paracyathus conceptus","Paracyathus conceptus"
"Paracyathus coronatus","Paracyathus coronatus"
"Paracyathus darwinensis","Paracyathus darwinensis"
"Paracyathus ebonensis","Paracyathus ebonensis"
"Paracyathus fulvus","Paracyathus fulvus"
"Paracyathus humilis","Paracyathus humilis"
"Paracyathus indicus","Platycephalus indicus"
"Paracyathus indicusgracilis","Paracyathus indicus"
"Paracyathus indicusindicus","Paracyathus indicus"
"Paracyathus lifuensis","Paracyathus lifuensis"
"Paracyathus molokensis","Paracyathus molokensis"
"Paracyathus montereyensis","Paracyathus montereyensis"
"Paracyathus monteryensis","Paracyathus montereyensis"
"Paracyathus parvulus","Paracyathus parvulus"
"Paracyathus persicus","Paracyathus persicus"
"Paracyathus porcellanus","Paracyathus porcellanus"
"Paracyathus profundus","Paracyathus profundus"
"Paracyathus pruinosus","Paracyathus pruinosus"
"Paracyathus pulchellus","Paracyathus pulchellus"
"Paracyathus rotundatus","Paracyathus rotundatus"
"Paracyathus stearnsii","Paracyathus stearnsii"
"Paracyathus stokesii","Paracyathus stokesii"
"Paracyathus vittatus","Paracyathus vittatus"
"Paragoniastrea australensis","Paragoniastrea australensis"
"Paragoniastrea deformis","Paragoniastrea deformis"
"Paragoniastrea russelli","Paragoniastrea russelli"
"Paramontastraea peresi","Paramontastraea peresi"
"Paramontastraea salebrosa","Paramontastraea salebrosa"
"Paramontastraea serageldini","Paramontastraea serageldini"
"Parascolymia rowleyensis","Lobophyllia rowleyensis"
"Parascolymia vitensis","Lobophyllia vitiensis"
"Parascolymia vitiensis","Lobophyllia vitiensis"
"Parasimplastrea sheppardi","Blastomussa loyae"
"Pavona bipartita","Pavona bipartita"
"Pavona cactus","Pavona cactus"
"Pavona chiriquiensis","Pavona chiriquiensis"
"Pavona clavus","Pavona clavus"
"Pavona danai","Pavona danai"
"Pavona decussata","Pavona decussata"
"Pavona diffluens","Pavona diffluens"
"Pavona divaricata","Pavona divaricata"
"Pavona duerdeni","Pavona duerdeni"
"Pavona explanulata","Pavona explanulata"
"Pavona frondifera","Pavona frondifera"
"Pavona gigantea","Pavona gigantea"
"Pavona lata","Pavona decussata"
"Pavona maldivensis","Pavona maldivensis"
"Pavona minuta","Pavona minuta"
"Pavona varians","Pavona varians"
"Pavona venosa","Pavona venosa"
"Pavona xarifae","Pavona xarifae"
"Pectinia africanus","Pectinia africana"
"Pectinia alcicornis","Pectinia alcicornis"
"Pectinia ayleni","Physophyllia ayleni"
"Pectinia crassa","Pectinia crassa"
"Pectinia elongata","Pectinia elongata"
"Pectinia lactuca","Pectinia lactuca"
"Pectinia maxima","Pectinia maxima"
"Pectinia paeonia","Pectinia paeonia"
"Pectinia pygmaeus","Pectinia pygmaea"
"Pectinia teres","Pectinia teres"
"Pedicellocyathus keyesi","Pedicellocyathus keyesi"
"Peponocyathus dawsoni","Peponocyathus dawsoni"
"Peponocyathus folliculus","Peponocyathus folliculus"
"Peponocyathus minimus","Peponocyathus minimus"
"Petrophyllia rediviva","Petrophyllia rediviva"
"Phacelocyathus flos","Phacelocyathus flos"
"Phyllangia americana","Phyllangia americana"
"Phyllangia americanaamericana","Phyllangia americana"
"Phyllangia americanamouchezii","Phyllangia americana"
"Phyllangia consagensis","Phyllangia consagensis"
"Phyllangia dispersa","Phyllangia dispersa"
"Phyllangia echinosepes","Phyllangia echinosepes"
"Phyllangia granulata","Phyllangia granulata"
"Phyllangia hayamaensis","Phyllangia hayamaensis"
"Phyllangia papuensis","Phyllangia papuensis"
"Phyllangia pequegnatae","Phyllangia pequegnatae"
"Physogyra lichtenseini","Physogyra lichtensteini"
"Physogyra lichtensteini","Physogyra lichtensteini"
"Physophyllia ayleni","Physophyllia ayleni"
"Placotrochides cylindrica","Placotrochides cylindrica"
"Placotrochides frustum","Placotrochides frustum"
"Placotrochides minuta","Placotrochides minuta"
"Placotrochides scaphula","Placotrochides scaphula"
"Placotrochus laevis","Placotrochus laevis"
"Placotrochus pedicellatus","Placotrochus laevis"
"Platygyra acuta","Platygyra acuta"
"Platygyra carnosus","Platygyra carnosa"
"Platygyra contorta","Platygyra contorta"
"Platygyra crosslandi","Platygyra crosslandi"
"Platygyra daedalea","Platygyra daedalea"
"Platygyra lamellina","Platygyra lamellina"
"Platygyra pini","Platygyra pini"
"Platygyra ryukyuensis","Platygyra ryukyuensis"
"Platygyra sinensis","Platygyra sinensis"
"Platygyra verweyi","Platygyra verweyi"
"Platygyra yaeyamaensis","Platygyra yaeyamaensis"
"Platytrochus compressus","Platytrochus compressus"
"Platytrochus hastatus","Platytrochus hastatus"
"Platytrochus laevigatus","Platytrochus laevigatus"
"Platytrochus parisepta","Platytrochus parisepta"
"Pleotrochus venustus","Pleotrochus venustus"
"Pleotrochus zibrowii","Pleotrochus zibrowii"
"Plerogyra cauliformis","Plerogyra cauliformis"
"Plerogyra diabolotus","Plerogyra diabolotus"
"Plerogyra discus","Plerogyra discus"
"Plerogyra eurysepta","Plerogyra eurysepta"
"Plerogyra multilobata","Plerogyra multilobata"
"Plerogyra simplex","Plerogyra simplex"
"Plerogyra sinuosa","Plerogyra sinuosa"
"Plerogyra turbida","Nemenzophyllia turbida"
"Plesiastrea devantieri","Astrea devantieri"
"Plesiastrea versipora","Plesiastrea versipora"
"Pleuractis granulosa","Pleuractis granulosa"
"Pleuractis gravis","Pleuractis gravis"
"Pleuractis moluccensis","Pleuractis moluccensis"
"Pleuractis paumotensis","Pleuractis paumotensis"
"Pleuractis seychellensis","Pleuractis seychellensis"
"Pleuractis taiwanensis","Pleuractis taiwanensis"
"Pocillopora acuta","Pocillopora acuta"
"Pocillopora aliciae","Pocillopora aliciae"
"Pocillopora ankeli","Pocillopora ankeli"
"Pocillopora bairdi","Pocillopora bairdi"
"Pocillopora brevicornis","Pocillopora brevicornis"
"Pocillopora capitata","Pocillopora capitata"
"Pocillopora damicornis","Pocillopora damicornis"
"Pocillopora danae","Pocillopora verrucosa"
"Pocillopora effusa","Pocillopora effusa"
"Pocillopora effusus","Pocillopora effusa"
"Pocillopora elegans","Pocillopora elegans"
"Pocillopora eydouxi","Pocillopora grandis"
"Pocillopora fungiformis","Pocillopora fungiformis"
"Pocillopora indiania","Pocillopora indiania"
"Pocillopora inflata","Pocillopora inflata"
"Pocillopora kelleheri","Pocillopora kelleheri"
"Pocillopora ligulata","Pocillopora ligulata"
"Pocillopora meandrina","Pocillopora meandrina"
"Pocillopora molokensis","Pocillopora molokensis"
"Pocillopora setichelli","Pocillopora brevicornis"
"Pocillopora solida","Pocillopora solida"
"Pocillopora verrucosa","Pocillopora verrucosa"
"Pocillopora woodjonesi","Pocillopora woodjonesi"
"Pocillopora zelli","Pocillopora zelli"
"Podabacia crustacea","Podabacia crustacea"
"Podabacia kunzmanni","Podabacia kunzmanni"
"Podabacia lankaensis","Podabacia lankaensis"
"Podabacia motuporensis","Podabacia motuporensis"
"Podabacia sinai","Podabacia sinai"
"Polycyathus andamanensis","Polycyathus andamanensis"
"Polycyathus atlanticus","Polycyathus atlanticus"
"Polycyathus chaishanensis","Polycyathus chaishanensis"
"Polycyathus difficilis","Polycyathus difficilis"
"Polycyathus fulvus","Polycyathus fulvus"
"Polycyathus furanaensis","Polycyathus furanaensis"
"Polycyathus fuscomarginatus","Polycyathus fuscomarginatus"
"Polycyathus hodgsoni","Polycyathus hodgsoni"
"Polycyathus hondaensis","Polycyathus hondaensis"
"Polycyathus isabela","Polycyathus isabela"
"Polycyathus marigondoni","Polycyathus marigondoni"
"Polycyathus mayae","Polycyathus mayae"
"Polycyathus muellerae","Polycyathus muellerae"
"Polycyathus norfolkensis","Polycyathus norfolkensis"
"Polycyathus octuplus","Polycyathus octuplus"
"Polycyathus palifera","Polycyathus palifera"
"Polycyathus persicus","Polycyathus persicus"
"Polycyathus senegalensis","Polycyathus senegalensis"
"Polycyathus verrilli","Polycyathus verrilli"
"Polymyces fragilis","Polymyces fragilis"
"Polymyces montereyensis","Polymyces montereyensis"
"Polymyces wellsi","Polymyces wellsi"
"Polyphyllia novaehiberniae","Polyphyllia novaehiberniae"
"Polyphyllia talpina","Polyphyllia talpina"
"Porites annae","Porites annae"
"Porites aranetai","Porites aranetai"
"Porites arnaudi","Porites arnaudi"
"Porites astreoides","Porites astreoides"
"Porites attenuata","Porites attenuata"
"Porites australiensis","Porites australiensis"
"Porites baueri","Porites baueri"
"Porites bernardi","Porites bernardi"
"Porites branneri","Porites branneri"
"Porites brighami","Porites brighami"
"Porites cocosensis","Porites cocosensis"
"Porites colonensis","Porites colonensis"
"Porites columnaris","Porites columnaris"
"Porites compressa","Porites compressa"
"Porites cumulatus","Porites cumulatus"
"Porites cylindrica","Porites cylindrica"
"Porites decasepta","Porites decasepta"
"Porites deformis","Porites deformis"
"Porites densa","Porites densa"
"Porites desilveri","Porites desilveri"
"Porites divaricata","Porites divaricata"
"Porites duerdeni","Porites duerdeni"
"Porites echinulata","Porites echinulata"
"Porites ericacea","Porites ericacea"
"Porites eridani","Porites lichen"
"Porites evermanni","Porites evermanni"
"Porites excavata","Porites excavata"
"Porites flavus","Porites flavus"
"Porites fontanesii","Porites fontanesii"
"Porites furcata","Porites furcata"
"Porites gabonensis","Porites gabonensis"
"Porites harrisoni","Porites harrisoni"
"Porites hawaiiensis","Porites hawaiiensis"
"Porites heronensis","Porites heronensis"
"Porites horizontalata","Porites horizontalata"
"Porites iwayamaensis","Porites rus"
"Porites latistella","Porites latistellata"
"Porites lichen","Porites lichen"
"Porites lobata","Porites lobata"
"Porites lutea","Porites lutea"
"Porites mayeri","Porites mayeri"
"Porites monticulosa","Porites monticulosa"
"Porites murrayensis","Porites murrayensis"
"Porites myrmidonensis","Porites myrmidonensis"
"Porites napopora","Porites napopora"
"Porites negrosensis","Porites negrosensis"
"Porites nigrescens","Porites nigrescens"
"Porites nodifera","Porites nodifera"
"Porites okinawensis","Porites okinawensis"
"Porites ornata","Porites ornata"
"Porites panamensis","Porites panamensis"
"Porites porites","Porites porites"
"Porites profundus","Porites profundus"
"Porites pukoensis","Porites pukoensis"
"Porites randalli","Porites randalli"
"Porites rugosa","Porites rugosus"
"Porites rus","Porites rus"
"Porites sillimaniana","Porites sillimaniani"
"Porites sillimaniani","Porites sillimaniani"
"Porites solida","Porites solida"
"Porites somaliensis","Porites somaliensis"
"Porites stephensoni","Porites stephensoni"
"Porites studeri","Porites studeri"
"Porites sverdrupi","Porites sverdrupi"
"Porites tuberculosa","Porites tuberculosus"
"Porites vaughani","Porites vaughani"
"Poritipora paliformis","Goniopora paliformis"
"Pourtalocyathus hispidus","Pourtalocyathus hispidus"
"Pourtalopsammia togata","Pourtalopsammia togata"
"Pourtalosmilia anthophyllites","Pourtalosmilia anthophyllites"
"Pourtalosmilia conferta","Pourtalosmilia conferta"
"Premocyathus cornuformis","Premocyathus cornuformis"
"Premocyathus dentiformis","Premocyathus dentiformis"
"Psammocora albopicta","Psammocora albopicta"
"Psammocora contigua","Psammocora contigua"
"Psammocora decussata","Psammocora contigua"
"Psammocora digitata","Psammocora digitata"
"Psammocora explanulata","Cycloseris explanulata"
"Psammocora haimeana","Psammocora haimiana"
"Psammocora haimiana","Psammocora haimiana"
"Psammocora interstinctus","Psammocora interstinctus"
"Psammocora nierstraszi","Psammocora nierstraszi"
"Psammocora obtusangula","Psammocora contigua"
"Psammocora profundacella","Psammocora profundacella"
"Psammocora ramosa","Psammocora ramosa"
"Psammocora stellata","Psammocora stellata"
"Psammocora superficialis","Psammocora profundacella"
"Psammocora vaughani","Psammocora verrilli"
"Psammocora verrilli","Psammocora nierstraszi"
"Pseudocyathoceras avis","Pseudocyathoceras avis"
"Pseudodiploria clivosa","Pseudodiploria clivosa"
"Pseudodiploria strigosa","Pseudodiploria strigosa"
"Pseudosiderastrea formosa","Pseudosiderastrea formosa"
"Pseudosiderastrea tayamai","Pseudosiderastrea tayamai"
"Pseudosiderastrea tayami","Pseudosiderastrea tayamai"
"Rhizopsammia annae","Rhizopsammia annae"
"Rhizopsammia bermudensis","Rhizopsammia bermudensis"
"Rhizopsammia compacta","Rhizopsammia compacta"
"Rhizopsammia goesi","Rhizopsammia goesi"
"Rhizopsammia minuta","Rhizopsammia minuta"
"Rhizopsammia nuda","Rhizopsammia nuda"
"Rhizopsammia pulchra","Rhizopsammia pulchra"
"Rhizopsammia verrilli","Rhizopsammia verrilli"
"Rhizopsammia wellingtoni","Rhizopsammia wellingtoni"
"Rhizopsammia wettsteini","Rhizopsammia wettsteini"
"Rhizosmilia elata","Rhizosmilia elata"
"Rhizosmilia gerdae","Rhizosmilia gerdae"
"Rhizosmilia maculata","Rhizosmilia maculata"
"Rhizosmilia multipaliferus","Rhizosmilia multipalifera"
"Rhizosmilia robusta","Rhizosmilia robusta"
"Rhizosmilia sagamiensis","Rhizosmilia sagamiensis"
"Rhizotrochus flabelliformis","Rhizotrochus flabelliformis"
"Rhizotrochus levidensis","Rhizotrochus levidensis"
"Rhizotrochus tuberculatus","Rhizotrochus tuberculatus"
"Rhizotrochus typus","Rhizotrochus typus"
"Rhombopsammia niphada","Rhombopsammia niphada"
"Rhombopsammia squiresi","Rhombopsammia squiresi"
"Sacrophyton glaucum","Sarcophyton glaucum"
"Sandalolitha dentata","Sandalolitha dentata"
"Sandalolitha robusta","Sandalolitha robusta"
"Sarcophyton crassocaule","Sarcophyton crassocaule"
"Sarcophyton trocheliophorum","Sarcophyton trocheliophorum"
"Scapophyllia cylindrica","Scapophyllia cylindrica"
"Schizoculina africana","Schizoculina africana"
"Schizoculina fissipara","Schizoculina fissipara"
"Schizocyathus fissilis","Schizocyathus fissilis"
"Sclerhelia hirtella","Sclerhelia hirtella"
"Sclerophyllia margariticola","Sclerophyllia margariticola"
"Sclerophyllia maxima","Sclerophyllia maxima"
"Scolymia australis","Homophyllia australis"
"Scolymia cubensis","Scolymia cubensis"
"Scolymia lacera","Scolymia lacera"
"Scolymia sp","Scolymia sp"
"Scolymia vitiensis","Lobophyllia vitiensis"
"Scolymia wellsi","Scolymia wellsii"
"Seriatopora aculeata","Seriatopora aculeata"
"Seriatopora caliendrum","Seriatopora caliendrum"
"Seriatopora dendritica","Seriatopora dentritica"
"Seriatopora dentritica","Seriatopora dentritica"
"Seriatopora guttata","Seriatopora guttata"
"Seriatopora guttatus","Seriatopora guttata"
"Seriatopora hystrix","Seriatopora hystrix"
"Seriatopora stellata","Seriatopora stellata"
"Siderastrea glynni","Siderastrea siderea"
"Siderastrea radians","Siderastrea radians"
"Siderastrea savignyana","Siderastrea savignyana"
"Siderastrea siderea","Siderastrea siderea"
"Siderastrea stellata","Siderastrea stellata"
"Simplastrea vesicularis","Simplastrea vesicularis"
"Sinularia compacta","Sinularia compacta"
"Sinularia facile","Sinularia facile"
"Sinularia gibberosa","Sinularia gibberosa"
"Sinularia granosa","Sinularia granosa"
"Sinularia numerosa","Sinularia numerosa"
"Sinularia polydactyla","Sinularia polydactyla"
"Sinularia scabra","Sinularia scabra"
"Solenastrea bournoni","Solenastrea bournoni"
"Solenastrea hyades","Solenastrea hyades"
"Solenosmilia variabilis","Solenosmilia variabilis"
"Sphenotrochus andrewianus","Sphenotrochus andrewianus"
"Sphenotrochus aurantiacus","Sphenotrochus aurantiacus"
"Sphenotrochus auritus","Sphenotrochus auritus"
"Sphenotrochus cuneolus","Sphenotrochus cuneolus"
"Sphenotrochus evexicostatus","Sphenotrochus evexicostatus"
"Sphenotrochus excavatus","Sphenotrochus excavatus"
"Sphenotrochus gardineri","Sphenotrochus gardineri"
"Sphenotrochus gilchristi","Sphenotrochus gilchristi"
"Sphenotrochus hancocki","Sphenotrochus hancocki"
"Sphenotrochus imbricaticostatus","Sphenotrochus imbricaticostatus"
"Sphenotrochus lindstroemi","Sphenotrochus lindstroemi"
"Sphenotrochus ralphae","Sphenotrochus ralphae"
"Sphenotrochus squiresi","Sphenotrochus squiresi"
"Stenocyathus vermiformis","Stenocyathus vermiformis"
"Stephanocenia michelinii","Stephanocoenia intersepta"
"Stephanocoenia intersepta","Stephanocoenia intersepta"
"Stephanocoenia mechelinii","Stephanocoenia intersepta"
"Stephanocoenia michelini","Stephanocoenia intersepta"
"Stephanocoenia michelinii","Stephanocoenia intersepta"
"Stephanocyathus campaniformis","Stephanocyathus campaniformis"
"Stephanocyathus coronatus","Stephanocyathus coronatus"
"Stephanocyathus crassus","Stephanocyathus crassus"
"Stephanocyathus diadema","Stephanocyathus diadema"
"Stephanocyathus explanans","Stephanocyathus explanans"
"Stephanocyathus imperialis","Stephanocyathus imperialis"
"Stephanocyathus isabellae","Stephanocyathus isabellae"
"Stephanocyathus laevifundus","Stephanocyathus laevifundus"
"Stephanocyathus moseleyanus","Stephanocyathus moseleyanus"
"Stephanocyathus nobilis","Stephanocyathus nobilis"
"Stephanocyathus paliferus","Stephanocyathus paliferus"
"Stephanocyathus platypus","Stephanocyathus platypus"
"Stephanocyathus regius","Stephanocyathus regius"
"Stephanocyathus spiniger","Stephanocyathus spiniger"
"Stephanocyathus weberianus","Stephanocyathus weberianus"
"Stephanophyllia complicata","Stephanophyllia complicata"
"Stephanophyllia fungulus","Stephanophyllia fungulus"
"Stephanophyllia neglecta","Stephanophyllia neglecta"
"Stolarskicyathus pocilliformis","Stolarskicyathus pocilliformis"
"Stylaraea punctata","Stylaraea punctata"
"Stylocoeniella armata","Stylocoeniella armata"
"Stylocoeniella cocosensis","Stylocoeniella cocosensis"
"Stylocoeniella guentheri","Stylocoeniella guentheri"
"Stylocoeniella muscosus","Stylocoeniella muscosus"
"Stylocoeniella nikei","Stylocoeniella nikei"
"Stylophora danae","Stylophora danae"
"Stylophora kuehlmanni","Stylophora kuehlmanni"
"Stylophora madagascarensis","Stylophora madagascarensis"
"Stylophora mamillata","Stylophora mamillata"
"Stylophora mordax","Stylophora pistillata"
"Stylophora pistillata","Stylophora pistillata"
"Stylophora subseriata","Stylophora subseriata"
"Stylophora wellsi","Stylophora wellsi"
"Symphyllia agaricia","Lobophyllia agaricia"
"Symphyllia erythraea","Lobophyllia erythraea"
"Symphyllia hassi","Lobophyllia hassi"
"Symphyllia radians","Lobophyllia radians"
"Symphyllia recta","Symphyllia recta"
"Symphyllia valenciennesii","Lobophyllia valenciennesii"
"Symphyllia wilsoni","Australophyllia wilsoni"
"Sympodangia albatrossi","Sympodangia albatrossi"
"Synaraea rus","Porites rus"
"Temnotrochus kermadecensis","Temnotrochus kermadecensis"
"Tethocyathus cylindraceus","Tethocyathus cylindraceus"
"Tethocyathus endesa","Tethocyathus endesa"
"Tethocyathus minor","Tethocyathus minor"
"Tethocyathus prahli","Tethocyathus prahli"
"Tethocyathus recurvatus","Tethocyathus recurvatus"
"Tethocyathus variabilis","Tethocyathus variabilis"
"Tethocyathus virgatus","Tethocyathus virgatus"
"Thalamophyllia gasti","Thalamophyllia gasti"
"Thalamophyllia gombergi","Thalamophyllia gombergi"
"Thalamophyllia riisei","Thalamophyllia riisei"
"Thalamophyllia tenuescens","Thalamophyllia tenuescens"
"Thecopsammia elongata","Thecopsammia elongata"
"Thecopsammia socialis","Thecopsammia socialis"
"Thrypticotrochus multilobatus","Thrypticotrochus petterdi"
"Thrypticotrochus petterdi","Thrypticotrochus petterdi"
"Trachyphyllia geoffroyi","Trachyphyllia geoffroyi"
"Trematotrochus corbicula","Trematotrochus corbicula"
"Trematotrochus hedleyi","Trematotrochus hedleyi"
"Trochocyathus aithoseptatus","Trochocyathus aithoseptatus"
"Trochocyathus apertus","Trochocyathus apertus"
"Trochocyathus brevispina","Trochocyathus brevispina"
"Trochocyathus burchae","Trochocyathus burchae"
"Trochocyathus caryophylloides","Trochocyathus caryophylloides"
"Trochocyathus cepulla","Trochocyathus cepulla"
"Trochocyathus cooperi","Trochocyathus cooperi"
"Trochocyathus decamera","Trochocyathus decamera"
"Trochocyathus discus","Trochocyathus discus"
"Trochocyathus efateensis","Trochocyathus efateensis"
"Trochocyathus fasciatus","Trochocyathus fasciatus"
"Trochocyathus fossulus","Trochocyathus fossulus"
"Trochocyathus gardineri","Trochocyathus gardineri"
"Trochocyathus gordoni","Trochocyathus gordoni"
"Trochocyathus hastatus","Trochocyathus hastatus"
"Trochocyathus japonicus","Trochocyathus japonicus"
"Trochocyathus laboreli","Trochocyathus laboreli"
"Trochocyathus longispina","Trochocyathus longispina"
"Trochocyathus maculatus","Trochocyathus maculatus"
"Trochocyathus mauiensis","Trochocyathus mauiensis"
"Trochocyathus oahensis","Trochocyathus oahensis"
"Trochocyathus patelliformis","Trochocyathus patelliformis"
"Trochocyathus philippinensis","Trochocyathus philippinensis"
"Trochocyathus porphyreus","Trochocyathus porphyreus"
"Trochocyathus rawsonii","Trochocyathus rawsonii"
"Trochocyathus rhombocolumna","Trochocyathus rhombocolumna"
"Trochocyathus semperi","Trochocyathus semperi"
"Trochocyathus spinosocostatus","Trochocyathus spinosocostatus"
"Trochocyathus vasiformis","Trochocyathus vasiformis"
"Trochocyathus wellsi","Trochocyathus wellsi"
"Trochopsammia infundibulum","Trochopsammia infundibulum"
"Tropidocyathus labidus","Tropidocyathus labidus"
"Tropidocyathus lessoni","Tropidocyathus lessoni"
"Tropidocyathus lessonii","Tropidocyathus lessonii"
"Truncatoflabellum aculeatum","Truncatoflabellum aculeatum"
"Truncatoflabellum angiostomum","Truncatoflabellum angiostomum"
"Truncatoflabellum angustum","Truncatoflabellum angustum"
"Truncatoflabellum arcuatum","Truncatoflabellum arcuatum"
"Truncatoflabellum australiensis","Truncatoflabellum australiensis"
"Truncatoflabellum candeanum","Truncatoflabellum candeanum"
"Truncatoflabellum carinatum","Truncatoflabellum carinatum"
"Truncatoflabellum crassum","Truncatoflabellum crassum"
"Truncatoflabellum cumingi","Truncatoflabellum cumingi"
"Truncatoflabellum cumingii","Truncatoflabellum cumingii"
"Truncatoflabellum dens","Truncatoflabellum dens"
"Truncatoflabellum formosum","Truncatoflabellum formosum"
"Truncatoflabellum gardineri","Truncatoflabellum gardineri"
"Truncatoflabellum inconstans","Truncatoflabellum inconstans"
"Truncatoflabellum incrustatum","Truncatoflabellum incrustatum"
"Truncatoflabellum irregulare","Truncatoflabellum irregulare"
"Truncatoflabellum macroeschara","Truncatoflabellum macroeschara"
"Truncatoflabellum martensii","Truncatoflabellum martensii"
"Truncatoflabellum mortenseni","Truncatoflabellum mortenseni"
"Truncatoflabellum multispinosum","Truncatoflabellum multispinosum"
"Truncatoflabellum paripavoninum","Truncatoflabellum paripavoninum"
"Truncatoflabellum phoenix","Truncatoflabellum phoenix"
"Truncatoflabellum pusillum","Truncatoflabellum pusillum"
"Truncatoflabellum spheniscus","Truncatoflabellum spheniscus"
"Truncatoflabellum stabile","Truncatoflabellum stabile"
"Truncatoflabellum stokesii","Truncatoflabellum stokesii"
"Truncatoflabellum trapezoideum","Truncatoflabellum trapezoideum"
"Truncatoflabellum truncum","Truncatoflabellum truncum"
"Truncatoflabellum vanuatu","Truncatoflabellum vanuatu"
"Truncatoflabellum veroni","Truncatoflabellum veroni"
"Truncatoflabellum viginifarium","Truncatoflabellum vigintifarium"
"Truncatoflabellum vigintifarium","Truncatoflabellum vigintifarium"
"Truncatoflabellum zulense","Truncatoflabellum zuluense"
"Truncatoflabellum zuluense","Truncatoflabellum zuluense"
"Truncatoguynia irregularis","Truncatoguynia irregularis"
"Tubastraea aurea","Tubastraea coccinea"
"Tubastraea coccinea","Tubastraea coccinea"
"Tubastraea diaphana","Tubastraea diaphana"
"Tubastraea faulkneri","Tubastraea faulkneri"
"Tubastraea floreana","Tubastraea floreana"
"Tubastraea micrantha","Tubastraea micranthus"
"Tubastraea micranthus","Tubastraea micranthus"
"Tubastraea tagusensis","Tubastraea tagusensis"
"Tubastrea micrantha","Tubastraea micranthus"
"Turbinaria bifrons","Turbinaria bifrons"
"Turbinaria conspicua","Turbinaria conspicua"
"Turbinaria crater","Turbinaria crater"
"Turbinaria frondens","Turbinaria frondens"
"Turbinaria heronensis","Turbinaria heronensis"
"Turbinaria immersa","Turbinaria immersa"
"Turbinaria irregularis","Turbinaria irregularis"
"Turbinaria mesenterina","Turbinaria mesenterina"
"Turbinaria patula","Turbinaria patula"
"Turbinaria peltata","Turbinaria peltata"
"Turbinaria radicalis","Turbinaria radicalis"
"Turbinaria reniformis","Turbinaria reniformis"
"Turbinaria stellulata","Turbinaria stellulata"
"Turbinolia stephensoni","Turbinolia stephensoni"
"Vaughanella concinna","Vaughanella concinna"
"Vaughanella margaritata","Vaughanella margaritata"
"Vaughanella multipalifera","Vaughanella multipalifera"
"Vaughanella oreophila","Vaughanella oreophila"
"Zoopilus echinatus","Zoopilus echinatus"
